Student_ID,Semster_Name,Paper 1,Paper 2,Paper 3,Paper 4,Paper 5,Paper 6,Paper 7,percentage,sum,Department_ID,Department_Name,Section
SID20188964,Sem_1,94.0,87.0,97.0,87.0,90.0,80.0,89.0,89.14285714,624,IDEPT1677,CSE,A
SID20145835,Sem_1,100.0,90.0,97.0,59.0,79.0,96.0,96.0,88.14285714,617,IDEPT1096,CSE,A
SID20149625,Sem_1,72.0,89.0,85.0,98.0,99.0,97.0,76.0,88.0,616,IDEPT5564,CSE,A
SID20139626,Sem_1,95.0,84.0,91.0,98.0,83.0,75.0,86.0,87.42857143,612,IDEPT8825,CSE,A
SID20158455,Sem_1,88.0,82.0,60.0,97.0,97.0,95.0,90.0,87.0,609,IDEPT5109,CSE,A
SID20164748,Sem_1,94.0,66.0,83.0,88.0,99.0,87.0,92.0,87.0,609,IDEPT1836,CSE,A
SID20152052,Sem_1,65.0,76.0,96.0,96.0,100.0,99.0,75.0,86.71428571,607,IDEPT5109,CSE,A
SID20152052,Sem_1,65.0,76.0,96.0,96.0,100.0,99.0,75.0,86.71428571,607,IDEPT5109,CSE,A
SID20175339,Sem_1,96.0,98.0,81.0,97.0,94.0,80.0,56.0,86.0,602,IDEPT4308,CSE,A
SID20137026,Sem_1,79.0,95.0,100.0,91.0,97.0,62.0,78.0,86.0,602,IDEPT6347,CSE,A
SID20135789,Sem_1,94.0,80.0,76.0,90.0,80.0,83.0,97.0,85.71428571,600,IDEPT4055,CSE,A
SID20167733,Sem_1,97.0,96.0,86.0,98.0,77.0,77.0,60.0,84.42857143,591,IDEPT4055,CSE,A
SID20154892,Sem_1,65.0,73.0,83.0,96.0,95.0,94.0,85.0,84.42857143,591,IDEPT6347,CSE,A
SID20182236,Sem_1,88.0,99.0,67.0,67.0,86.0,96.0,87.0,84.28571429,590,IDEPT4308,CSE,A
SID20182236,Sem_1,88.0,99.0,67.0,67.0,86.0,96.0,87.0,84.28571429,590,IDEPT4308,CSE,A
SID20152054,Sem_1,83.0,89.0,,85.0,59.0,100.0,89.0,84.16666667,505,IDEPT7626,CSE,A
SID20152054,Sem_1,83.0,89.0,,85.0,59.0,100.0,89.0,84.16666667,505,IDEPT7626,CSE,A
SID20144137,Sem_1,83.0,89.0,82.0,94.0,73.0,68.0,100.0,84.14285714,589,IDEPT5564,CSE,A
SID20133413,Sem_1,93.0,75.0,93.0,68.0,86.0,87.0,87.0,84.14285714,589,IDEPT4055,CSE,A
SID20187596,Sem_1,86.0,76.0,83.0,100.0,76.0,88.0,80.0,84.14285714,589,IDEPT5564,CSE,A
SID20143107,Sem_1,100.0,100.0,92.0,81.0,54.0,64.0,97.0,84.0,588,IDEPT1836,CSE,A
SID20183126,Sem_1,68.0,68.0,97.0,99.0,69.0,91.0,96.0,84.0,588,IDEPT5109,CSE,A
SID20143459,Sem_1,94.0,85.0,99.0,86.0,69.0,56.0,97.0,83.71428571,586,IDEPT4308,CSE,A
SID20169023,Sem_1,89.0,85.0,82.0,89.0,86.0,57.0,96.0,83.42857143,584,IDEPT8825,CSE,A
SID20187237,Sem_1,96.0,100.0,56.0,62.0,87.0,88.0,95.0,83.42857143,584,IDEPT1836,CSE,A
SID20156260,Sem_1,78.0,96.0,87.0,93.0,77.0,76.0,76.0,83.28571429,583,IDEPT1836,CSE,A
SID20145170,Sem_1,90.0,85.0,84.0,99.0,67.0,88.0,69.0,83.14285714,582,IDEPT5564,CSE,A
SID20146875,Sem_1,93.0,40.0,89.0,100.0,92.0,85.0,83.0,83.14285714,582,IDEPT1836,CSE,A
SID20165333,Sem_1,86.0,96.0,98.0,74.0,75.0,68.0,84.0,83.0,581,IDEPT4055,CSE,A
SID20141851,Sem_1,73.0,70.0,93.0,78.0,95.0,89.0,83.0,83.0,581,IDEPT4055,CSE,A
SID20167689,Sem_1,97.0,99.0,84.0,66.0,89.0,46.0,99.0,82.85714286,580,IDEPT5564,CSE,A
SID20179501,Sem_1,73.0,77.0,66.0,83.0,84.0,97.0,100.0,82.85714286,580,IDEPT8825,CSE,A
SID20142348,Sem_1,94.0,55.0,55.0,99.0,96.0,94.0,87.0,82.85714286,580,IDEPT1615,CSE,A
SID20185596,Sem_1,63.0,85.0,100.0,85.0,79.0,85.0,,82.83333333,497,IDEPT5564,CSE,A
SID20189190,Sem_1,95.0,90.0,62.0,92.0,100.0,60.0,80.0,82.71428571,579,IDEPT8825,CSE,A
SID20157834,Sem_1,85.0,84.0,77.0,70.0,89.0,90.0,82.0,82.42857143,577,IDEPT8825,CSE,A
SID20157834,Sem_1,85.0,84.0,77.0,70.0,89.0,90.0,82.0,82.42857143,577,IDEPT8825,CSE,A
SID20149859,Sem_1,47.0,100.0,61.0,99.0,75.0,99.0,96.0,82.42857143,577,IDEPT5109,CSE,A
SID20136833,Sem_1,,73.0,84.0,99.0,90.0,69.0,79.0,82.33333333,494,IDEPT4055,CSE,A
SID20177272,Sem_1,43.0,87.0,97.0,93.0,97.0,92.0,67.0,82.28571429,576,IDEPT1096,CSE,A
SID20152460,Sem_1,55.0,93.0,94.0,75.0,95.0,77.0,86.0,82.14285714,575,IDEPT8825,CSE,A
SID20171675,Sem_1,88.0,100.0,93.0,69.0,86.0,68.0,71.0,82.14285714,575,IDEPT5564,CSE,A
SID20156370,Sem_1,98.0,100.0,44.0,84.0,82.0,70.0,97.0,82.14285714,575,IDEPT6347,CSE,A
SID20131851,Sem_1,97.0,95.0,73.0,96.0,,74.0,57.0,82.0,492,IDEPT7626,CSE,A
SID20187867,Sem_1,100.0,72.0,68.0,88.0,67.0,93.0,84.0,81.71428571,572,IDEPT4308,CSE,A
SID20158944,Sem_1,96.0,48.0,61.0,93.0,100.0,96.0,78.0,81.71428571,572,IDEPT7626,CSE,A
SID20176935,Sem_1,98.0,96.0,40.0,93.0,47.0,98.0,100.0,81.71428571,572,IDEPT1615,CSE,A
SID20133751,Sem_1,68.0,88.0,96.0,98.0,59.0,91.0,71.0,81.57142857,571,IDEPT5564,CSE,A
SID20155573,Sem_1,92.0,65.0,90.0,98.0,74.0,58.0,93.0,81.42857143,570,IDEPT1096,CSE,A
SID20152081,Sem_1,66.0,71.0,96.0,99.0,94.0,62.0,,81.33333333,488,IDEPT6347,CSE,A
SID20166145,Sem_1,76.0,59.0,69.0,98.0,98.0,97.0,72.0,81.28571429,569,IDEPT1677,CSE,A
SID20184842,Sem_1,96.0,97.0,40.0,86.0,87.0,85.0,78.0,81.28571429,569,IDEPT1677,CSE,A
SID20156879,Sem_1,72.0,68.0,95.0,78.0,91.0,66.0,99.0,81.28571429,569,IDEPT4055,CSE,A
SID20189411,Sem_1,72.0,80.0,100.0,,68.0,69.0,98.0,81.16666667,487,IDEPT4055,CSE,A
SID20136513,Sem_1,87.0,,99.0,52.0,72.0,77.0,100.0,81.16666667,487,IDEPT1677,CSE,A
SID20169653,Sem_1,75.0,61.0,82.0,74.0,89.0,99.0,88.0,81.14285714,568,IDEPT7626,CSE,A
SID20162562,Sem_1,72.0,62.0,76.0,94.0,91.0,98.0,75.0,81.14285714,568,IDEPT7626,CSE,A
SID20143840,Sem_1,75.0,91.0,86.0,95.0,53.0,82.0,86.0,81.14285714,568,IDEPT7626,CSE,A
SID20147769,Sem_1,84.0,93.0,47.0,83.0,88.0,91.0,,81.0,486,IDEPT6347,CSE,A
SID20147769,Sem_1,84.0,93.0,47.0,83.0,88.0,91.0,,81.0,486,IDEPT6347,CSE,A
SID20149271,Sem_1,93.0,87.0,98.0,75.0,45.0,90.0,79.0,81.0,567,IDEPT1096,CSE,A
SID20185516,Sem_1,82.0,92.0,91.0,95.0,98.0,51.0,58.0,81.0,567,IDEPT7626,CSE,A
SID20175107,Sem_1,91.0,95.0,86.0,62.0,78.0,79.0,75.0,80.85714286,566,IDEPT1677,CSE,A
SID20152899,Sem_1,55.0,96.0,82.0,78.0,95.0,71.0,89.0,80.85714286,566,IDEPT1615,CSE,A
SID20177543,Sem_1,94.0,90.0,97.0,70.0,57.0,64.0,93.0,80.71428571,565,IDEPT1836,CSE,A
SID20182856,Sem_1,68.0,93.0,77.0,84.0,60.0,88.0,95.0,80.71428571,565,IDEPT5564,CSE,A
SID20169371,Sem_1,69.0,92.0,88.0,81.0,75.0,70.0,90.0,80.71428571,565,IDEPT1677,CSE,A
SID20145276,Sem_1,79.0,72.0,98.0,92.0,67.0,60.0,95.0,80.42857143,563,IDEPT1096,CSE,A
SID20172714,Sem_1,72.0,86.0,65.0,83.0,98.0,70.0,89.0,80.42857143,563,IDEPT1615,CSE,A
SID20178386,Sem_1,94.0,96.0,73.0,97.0,71.0,66.0,66.0,80.42857143,563,IDEPT4055,CSE,A
SID20167831,Sem_1,85.0,83.0,86.0,73.0,81.0,62.0,92.0,80.28571429,562,IDEPT1096,CSE,A
SID20162655,Sem_1,67.0,67.0,92.0,80.0,93.0,98.0,65.0,80.28571429,562,IDEPT1677,CSE,A
SID20137674,Sem_1,74.0,58.0,53.0,97.0,94.0,89.0,97.0,80.28571429,562,IDEPT1096,CSE,A
SID20184199,Sem_1,90.0,58.0,96.0,48.0,72.0,99.0,99.0,80.28571429,562,IDEPT1836,CSE,A
SID20143251,Sem_1,93.0,97.0,86.0,59.0,82.0,54.0,90.0,80.14285714,561,IDEPT1615,CSE,A
SID20175066,Sem_1,97.0,73.0,95.0,68.0,85.0,46.0,96.0,80.0,560,IDEPT1677,CSE,A
SID20163035,Sem_1,74.0,51.0,87.0,89.0,100.0,93.0,66.0,80.0,560,IDEPT7626,CSE,A
SID20154470,Sem_1,100.0,93.0,73.0,56.0,72.0,98.0,68.0,80.0,560,IDEPT7626,CSE,A
SID20167961,Sem_1,88.0,92.0,98.0,52.0,85.0,93.0,51.0,79.85714286,559,IDEPT8825,CSE,A
SID20186297,Sem_1,100.0,83.0,81.0,78.0,60.0,90.0,67.0,79.85714286,559,IDEPT1096,CSE,A
SID20174632,Sem_1,96.0,62.0,81.0,59.0,98.0,79.0,84.0,79.85714286,559,IDEPT1677,CSE,A
SID20152969,Sem_1,94.0,54.0,76.0,99.0,97.0,83.0,56.0,79.85714286,559,IDEPT1096,CSE,A
SID20144162,Sem_1,82.0,44.0,84.0,99.0,56.0,100.0,93.0,79.71428571,558,IDEPT1836,CSE,A
SID20147499,Sem_1,70.0,87.0,,68.0,73.0,100.0,,79.6,398,IDEPT5564,CSE,A
SID20162122,Sem_1,92.0,60.0,85.0,81.0,74.0,70.0,95.0,79.57142857,557,IDEPT1096,CSE,A
SID20158094,Sem_1,97.0,80.0,96.0,80.0,59.0,95.0,50.0,79.57142857,557,IDEPT5564,CSE,A
SID20189878,Sem_1,74.0,92.0,98.0,40.0,77.0,99.0,77.0,79.57142857,557,IDEPT1836,CSE,A
SID20177632,Sem_1,88.0,72.0,79.0,61.0,97.0,91.0,69.0,79.57142857,557,IDEPT4308,CSE,A
SID20153720,Sem_1,62.0,52.0,87.0,84.0,100.0,85.0,86.0,79.42857143,556,IDEPT1677,CSE,A
SID20153049,Sem_1,60.0,88.0,99.0,100.0,81.0,55.0,73.0,79.42857143,556,IDEPT1677,CSE,A
SID20171165,Sem_1,73.0,62.0,66.0,95.0,94.0,69.0,97.0,79.42857143,556,IDEPT4308,CSE,A
SID20178589,Sem_1,68.0,90.0,98.0,89.0,71.0,83.0,57.0,79.42857143,556,IDEPT8825,CSE,A
SID20147592,Sem_1,99.0,95.0,54.0,94.0,46.0,77.0,91.0,79.42857143,556,IDEPT5109,CSE,A
SID20189863,Sem_1,94.0,94.0,77.0,66.0,84.0,85.0,56.0,79.42857143,556,IDEPT1677,CSE,A
SID20173236,Sem_1,,86.0,79.0,44.0,94.0,90.0,83.0,79.33333333,476,IDEPT6347,CSE,A
SID20183148,Sem_1,90.0,78.0,85.0,61.0,79.0,81.0,81.0,79.28571429,555,IDEPT6347,CSE,A
SID20162375,Sem_1,,97.0,63.0,72.0,47.0,99.0,97.0,79.16666667,475,IDEPT1615,CSE,A
SID20184757,Sem_1,97.0,99.0,85.0,61.0,70.0,53.0,89.0,79.14285714,554,IDEPT1677,CSE,A
SID20176465,Sem_1,58.0,99.0,96.0,47.0,73.0,96.0,84.0,79.0,553,IDEPT4308,CSE,A
SID20152360,Sem_1,57.0,97.0,95.0,93.0,43.0,94.0,74.0,79.0,553,IDEPT8825,CSE,A
SID20175222,Sem_1,90.0,71.0,72.0,53.0,99.0,73.0,95.0,79.0,553,IDEPT5109,CSE,A
SID20149919,Sem_1,73.0,67.0,93.0,,97.0,80.0,64.0,79.0,474,IDEPT6347,CSE,A
SID20167994,Sem_1,64.0,74.0,89.0,78.0,67.0,81.0,99.0,78.85714286,552,IDEPT5564,CSE,A
SID20168634,Sem_1,98.0,75.0,80.0,57.0,91.0,69.0,82.0,78.85714286,552,IDEPT8825,CSE,A
SID20168634,Sem_1,98.0,75.0,80.0,57.0,91.0,69.0,82.0,78.85714286,552,IDEPT8825,CSE,A
SID20168634,Sem_1,98.0,75.0,80.0,57.0,91.0,69.0,82.0,78.85714286,552,IDEPT8825,CSE,A
SID20131151,Sem_1,78.0,91.0,83.0,70.0,74.0,73.0,83.0,78.85714286,552,IDEPT6347,CSE,A
SID20156779,Sem_1,93.0,88.0,52.0,85.0,100.0,62.0,71.0,78.71428571,551,IDEPT6347,CSE,A
SID20158021,Sem_1,69.0,92.0,91.0,75.0,53.0,75.0,96.0,78.71428571,551,IDEPT1096,CSE,A
SID20154789,Sem_1,99.0,40.0,62.0,84.0,99.0,96.0,71.0,78.71428571,551,IDEPT7626,CSE,A
SID20181646,Sem_1,75.0,89.0,69.0,76.0,97.0,97.0,47.0,78.57142857,550,IDEPT5564,CSE,A
SID20131834,Sem_1,64.0,99.0,95.0,82.0,76.0,59.0,74.0,78.42857143,549,IDEPT6347,CSE,A
SID20135142,Sem_1,60.0,84.0,90.0,90.0,58.0,82.0,85.0,78.42857143,549,IDEPT1677,CSE,A
SID20144691,Sem_1,65.0,98.0,91.0,80.0,89.0,75.0,51.0,78.42857143,549,IDEPT1677,CSE,A
SID20188974,Sem_1,87.0,46.0,67.0,93.0,96.0,81.0,79.0,78.42857143,549,IDEPT4055,CSE,A
SID20131171,Sem_1,81.0,,67.0,89.0,66.0,81.0,86.0,78.33333333,470,IDEPT1836,CSE,A
SID20132816,Sem_1,81.0,92.0,80.0,57.0,94.0,91.0,53.0,78.28571429,548,IDEPT8825,CSE,A
SID20136097,Sem_1,61.0,68.0,94.0,92.0,81.0,94.0,58.0,78.28571429,548,IDEPT5564,CSE,A
SID20159475,Sem_1,81.0,95.0,44.0,51.0,90.0,96.0,91.0,78.28571429,548,IDEPT4055,CSE,A
SID20176927,Sem_1,69.0,96.0,65.0,87.0,97.0,44.0,90.0,78.28571429,548,IDEPT5564,CSE,A
SID20139360,Sem_1,66.0,79.0,96.0,64.0,86.0,83.0,73.0,78.14285714,547,IDEPT1096,CSE,A
SID20172757,Sem_1,70.0,86.0,86.0,80.0,89.0,68.0,68.0,78.14285714,547,IDEPT4308,CSE,A
SID20145852,Sem_1,62.0,63.0,92.0,,72.0,82.0,97.0,78.0,468,IDEPT8825,CSE,A
SID20159278,Sem_1,97.0,88.0,91.0,48.0,63.0,68.0,91.0,78.0,546,IDEPT6347,CSE,A
SID20175100,Sem_1,92.0,55.0,97.0,62.0,63.0,99.0,,78.0,468,IDEPT1836,CSE,A
SID20175100,Sem_1,92.0,55.0,97.0,62.0,63.0,99.0,,78.0,468,IDEPT1836,CSE,A
SID20182312,Sem_1,86.0,65.0,80.0,54.0,,89.0,94.0,78.0,468,IDEPT8825,CSE,A
SID20169778,Sem_1,53.0,89.0,58.0,91.0,80.0,96.0,78.0,77.85714286,545,IDEPT4055,CSE,A
SID20138428,Sem_1,82.0,87.0,94.0,47.0,93.0,43.0,99.0,77.85714286,545,IDEPT5564,CSE,A
SID20153628,Sem_1,85.0,41.0,62.0,95.0,89.0,98.0,75.0,77.85714286,545,IDEPT4308,CSE,A
SID20132743,Sem_1,76.0,96.0,94.0,79.0,79.0,58.0,63.0,77.85714286,545,IDEPT1836,CSE,A
SID20187721,Sem_1,94.0,66.0,82.0,99.0,97.0,57.0,50.0,77.85714286,545,IDEPT6347,CSE,A
SID20162515,Sem_1,54.0,91.0,62.0,78.0,79.0,86.0,95.0,77.85714286,545,IDEPT5109,CSE,A
SID20161535,Sem_1,78.0,68.0,96.0,55.0,87.0,85.0,76.0,77.85714286,545,IDEPT4308,CSE,A
SID20135484,Sem_1,82.0,77.0,,98.0,56.0,94.0,60.0,77.83333333,467,IDEPT1615,CSE,A
SID20151844,Sem_1,90.0,,93.0,79.0,84.0,,43.0,77.8,389,IDEPT6347,CSE,A
SID20136307,Sem_1,40.0,94.0,86.0,91.0,62.0,98.0,73.0,77.71428571,544,IDEPT4055,CSE,A
SID20148913,Sem_1,94.0,86.0,43.0,100.0,50.0,91.0,80.0,77.71428571,544,IDEPT1096,CSE,A
SID20183647,Sem_1,72.0,72.0,83.0,94.0,73.0,57.0,93.0,77.71428571,544,IDEPT4055,CSE,A
SID20139815,Sem_1,70.0,90.0,,67.0,88.0,92.0,59.0,77.66666667,466,IDEPT7626,CSE,A
SID20188430,Sem_1,85.0,77.0,88.0,77.0,85.0,71.0,60.0,77.57142857,543,IDEPT5564,CSE,A
SID20141841,Sem_1,78.0,88.0,69.0,91.0,83.0,80.0,54.0,77.57142857,543,IDEPT1096,CSE,A
SID20141841,Sem_1,78.0,88.0,69.0,91.0,83.0,80.0,54.0,77.57142857,543,IDEPT1096,CSE,A
SID20171209,Sem_1,49.0,90.0,76.0,96.0,87.0,45.0,100.0,77.57142857,543,IDEPT1096,CSE,A
SID20165305,Sem_1,96.0,62.0,61.0,87.0,87.0,93.0,56.0,77.42857143,542,IDEPT1677,CSE,A
SID20169809,Sem_1,44.0,85.0,94.0,69.0,58.0,97.0,95.0,77.42857143,542,IDEPT6347,CSE,A
SID20174705,Sem_1,46.0,45.0,93.0,87.0,100.0,91.0,80.0,77.42857143,542,IDEPT8825,CSE,A
SID20183271,Sem_1,99.0,99.0,94.0,77.0,43.0,50.0,80.0,77.42857143,542,IDEPT1677,CSE,A
SID20184875,Sem_1,48.0,83.0,98.0,99.0,48.0,89.0,77.0,77.42857143,542,IDEPT4308,CSE,A
SID20189096,Sem_1,,91.0,66.0,75.0,90.0,56.0,86.0,77.33333333,464,IDEPT6347,CSE,A
SID20171680,Sem_1,62.0,76.0,71.0,76.0,80.0,78.0,98.0,77.28571429,541,IDEPT8825,CSE,A
SID20177705,Sem_1,63.0,100.0,71.0,88.0,62.0,87.0,70.0,77.28571429,541,IDEPT1836,CSE,A
SID20155581,Sem_1,70.0,73.0,76.0,80.0,61.0,96.0,85.0,77.28571429,541,IDEPT5109,CSE,A
SID20138259,Sem_1,66.0,92.0,42.0,91.0,91.0,80.0,79.0,77.28571429,541,IDEPT1836,CSE,A
SID20171549,Sem_1,65.0,45.0,71.0,82.0,82.0,97.0,99.0,77.28571429,541,IDEPT7626,CSE,A
SID20171549,Sem_1,65.0,45.0,71.0,82.0,82.0,97.0,99.0,77.28571429,541,IDEPT7626,CSE,A
SID20168333,Sem_1,81.0,73.0,75.0,69.0,85.0,87.0,71.0,77.28571429,541,IDEPT4055,CSE,A
SID20171557,Sem_1,61.0,64.0,72.0,83.0,95.0,91.0,75.0,77.28571429,541,IDEPT1615,CSE,A
SID20182620,Sem_1,91.0,62.0,87.0,,87.0,78.0,58.0,77.16666667,463,IDEPT4308,CSE,A
SID20179902,Sem_1,77.0,95.0,75.0,85.0,62.0,56.0,90.0,77.14285714,540,IDEPT6347,CSE,A
SID20158222,Sem_1,68.0,64.0,80.0,84.0,99.0,82.0,63.0,77.14285714,540,IDEPT7626,CSE,A
SID20184810,Sem_1,60.0,100.0,60.0,42.0,89.0,100.0,89.0,77.14285714,540,IDEPT6347,CSE,A
SID20139236,Sem_1,90.0,52.0,72.0,98.0,48.0,95.0,85.0,77.14285714,540,IDEPT8825,CSE,A
SID20136775,Sem_1,92.0,75.0,73.0,72.0,78.0,51.0,99.0,77.14285714,540,IDEPT8825,CSE,A
SID20171305,Sem_1,90.0,90.0,76.0,77.0,66.0,46.0,95.0,77.14285714,540,IDEPT4308,CSE,A
SID20147327,Sem_1,90.0,66.0,99.0,64.0,40.0,84.0,97.0,77.14285714,540,IDEPT4308,CSE,A
SID20151325,Sem_1,43.0,78.0,98.0,97.0,55.0,78.0,91.0,77.14285714,540,IDEPT4308,CSE,A
SID20182250,Sem_1,92.0,70.0,81.0,66.0,83.0,88.0,59.0,77.0,539,IDEPT1615,CSE,A
SID20159074,Sem_1,40.0,,83.0,68.0,87.0,100.0,84.0,77.0,462,IDEPT4308,CSE,A
SID20156550,Sem_1,89.0,,84.0,68.0,62.0,62.0,97.0,77.0,462,IDEPT1096,CSE,A
SID20154991,Sem_1,85.0,97.0,,47.0,45.0,94.0,94.0,77.0,462,IDEPT4308,CSE,A
SID20147259,Sem_1,77.0,78.0,80.0,62.0,81.0,68.0,93.0,77.0,539,IDEPT1836,CSE,A
SID20166603,Sem_1,66.0,88.0,85.0,58.0,88.0,97.0,57.0,77.0,539,IDEPT5564,CSE,A
SID20171330,Sem_1,100.0,99.0,71.0,44.0,78.0,62.0,84.0,76.85714286,538,IDEPT1836,CSE,A
SID20165883,Sem_1,70.0,95.0,87.0,55.0,59.0,89.0,83.0,76.85714286,538,IDEPT4308,CSE,A
SID20158344,Sem_1,81.0,76.0,74.0,55.0,78.0,85.0,89.0,76.85714286,538,IDEPT8825,CSE,A
SID20181913,Sem_1,42.0,72.0,97.0,67.0,86.0,99.0,75.0,76.85714286,538,IDEPT1677,CSE,A
SID20181913,Sem_1,42.0,72.0,97.0,67.0,86.0,99.0,75.0,76.85714286,538,IDEPT1677,CSE,A
SID20171258,Sem_1,92.0,88.0,,56.0,89.0,84.0,52.0,76.83333333,461,IDEPT1615,CSE,A
SID20181517,Sem_1,81.0,66.0,89.0,98.0,55.0,,72.0,76.83333333,461,IDEPT5564,CSE,A
SID20158196,Sem_1,73.0,80.0,91.0,86.0,94.0,48.0,65.0,76.71428571,537,IDEPT1615,CSE,A
SID20158196,Sem_1,73.0,80.0,91.0,86.0,94.0,48.0,65.0,76.71428571,537,IDEPT1615,CSE,A
SID20175664,Sem_1,70.0,85.0,45.0,95.0,63.0,92.0,87.0,76.71428571,537,IDEPT8825,CSE,A
SID20166842,Sem_1,64.0,46.0,97.0,84.0,69.0,95.0,82.0,76.71428571,537,IDEPT7626,CSE,A
SID20136284,Sem_1,87.0,91.0,55.0,90.0,84.0,74.0,56.0,76.71428571,537,IDEPT1677,CSE,A
SID20133435,Sem_1,84.0,98.0,76.0,73.0,74.0,87.0,45.0,76.71428571,537,IDEPT4308,CSE,A
SID20169603,Sem_1,52.0,88.0,86.0,95.0,91.0,65.0,59.0,76.57142857,536,IDEPT4055,CSE,A
SID20169603,Sem_1,52.0,88.0,86.0,95.0,91.0,65.0,59.0,76.57142857,536,IDEPT4055,CSE,A
SID20138886,Sem_1,81.0,86.0,93.0,70.0,75.0,40.0,91.0,76.57142857,536,IDEPT4055,CSE,A
SID20138108,Sem_1,92.0,89.0,84.0,85.0,52.0,80.0,54.0,76.57142857,536,IDEPT1096,CSE,A
SID20164122,Sem_1,100.0,86.0,43.0,85.0,89.0,80.0,53.0,76.57142857,536,IDEPT5109,CSE,A
SID20133932,Sem_1,92.0,86.0,51.0,,70.0,83.0,77.0,76.5,459,IDEPT6347,CSE,A
SID20172141,Sem_1,62.0,65.0,81.0,97.0,95.0,81.0,54.0,76.42857143,535,IDEPT4055,CSE,A
SID20172141,Sem_1,62.0,65.0,81.0,97.0,95.0,81.0,54.0,76.42857143,535,IDEPT4055,CSE,A
SID20182196,Sem_1,41.0,81.0,89.0,73.0,70.0,81.0,100.0,76.42857143,535,IDEPT4308,CSE,A
SID20166638,Sem_1,42.0,80.0,79.0,100.0,46.0,95.0,93.0,76.42857143,535,IDEPT1677,CSE,A
SID20142451,Sem_1,96.0,79.0,51.0,68.0,89.0,63.0,89.0,76.42857143,535,IDEPT7626,CSE,A
SID20156526,Sem_1,64.0,,49.0,89.0,87.0,70.0,99.0,76.33333333,458,IDEPT4055,CSE,A
SID20187626,Sem_1,68.0,88.0,81.0,62.0,59.0,,100.0,76.33333333,458,IDEPT4055,CSE,A
SID20161725,Sem_1,99.0,54.0,81.0,80.0,87.0,88.0,45.0,76.28571429,534,IDEPT6347,CSE,A
SID20139578,Sem_1,91.0,75.0,79.0,87.0,82.0,78.0,42.0,76.28571429,534,IDEPT1677,CSE,A
SID20152169,Sem_1,67.0,65.0,90.0,47.0,94.0,94.0,77.0,76.28571429,534,IDEPT5564,CSE,A
SID20165794,Sem_1,67.0,82.0,83.0,64.0,58.0,80.0,100.0,76.28571429,534,IDEPT8825,CSE,A
SID20185619,Sem_1,77.0,49.0,87.0,88.0,99.0,44.0,90.0,76.28571429,534,IDEPT4055,CSE,A
SID20135638,Sem_1,98.0,82.0,87.0,,88.0,53.0,49.0,76.16666667,457,IDEPT4055,CSE,A
SID20151565,Sem_1,83.0,,70.0,87.0,43.0,82.0,92.0,76.16666667,457,IDEPT4308,CSE,A
SID20138945,Sem_1,42.0,86.0,89.0,66.0,97.0,55.0,98.0,76.14285714,533,IDEPT1096,CSE,A
SID20169853,Sem_1,72.0,50.0,97.0,55.0,98.0,81.0,80.0,76.14285714,533,IDEPT5564,CSE,A
SID20136796,Sem_1,57.0,68.0,100.0,87.0,81.0,54.0,86.0,76.14285714,533,IDEPT1096,CSE,A
SID20134828,Sem_1,100.0,77.0,80.0,51.0,91.0,90.0,44.0,76.14285714,533,IDEPT5109,CSE,A
SID20158295,Sem_1,74.0,52.0,91.0,80.0,90.0,91.0,55.0,76.14285714,533,IDEPT4308,CSE,A
SID20165392,Sem_1,85.0,,86.0,50.0,84.0,,75.0,76.0,380,IDEPT1836,CSE,A
SID20155170,Sem_1,67.0,41.0,97.0,85.0,78.0,98.0,66.0,76.0,532,IDEPT4055,CSE,A
SID20172108,Sem_1,99.0,91.0,93.0,54.0,61.0,86.0,47.0,75.85714286,531,IDEPT6347,CSE,A
SID20143081,Sem_1,66.0,77.0,93.0,89.0,73.0,80.0,53.0,75.85714286,531,IDEPT4308,CSE,A
SID20145289,Sem_1,59.0,51.0,57.0,86.0,81.0,99.0,98.0,75.85714286,531,IDEPT4308,CSE,A
SID20163410,Sem_1,92.0,82.0,57.0,59.0,95.0,77.0,69.0,75.85714286,531,IDEPT1096,CSE,A
SID20144720,Sem_1,75.0,92.0,65.0,81.0,,48.0,94.0,75.83333333,455,IDEPT5109,CSE,A
SID20144017,Sem_1,76.0,92.0,62.0,80.0,57.0,93.0,70.0,75.71428571,530,IDEPT8825,CSE,A
SID20142014,Sem_1,80.0,42.0,82.0,97.0,79.0,81.0,69.0,75.71428571,530,IDEPT1615,CSE,A
SID20144887,Sem_1,57.0,84.0,65.0,87.0,84.0,58.0,95.0,75.71428571,530,IDEPT6347,CSE,A
SID20144887,Sem_1,57.0,84.0,65.0,87.0,84.0,58.0,95.0,75.71428571,530,IDEPT6347,CSE,A
SID20163311,Sem_1,61.0,91.0,100.0,79.0,44.0,65.0,89.0,75.57142857,529,IDEPT6347,CSE,A
SID20133719,Sem_1,78.0,97.0,75.0,47.0,67.0,84.0,81.0,75.57142857,529,IDEPT4055,CSE,A
SID20187850,Sem_1,67.0,52.0,95.0,79.0,96.0,97.0,43.0,75.57142857,529,IDEPT7626,CSE,A
SID20177368,Sem_1,42.0,86.0,83.0,91.0,87.0,64.0,76.0,75.57142857,529,IDEPT1677,CSE,A
SID20173832,Sem_1,89.0,66.0,73.0,70.0,60.0,95.0,,75.5,453,IDEPT6347,CSE,A
SID20176165,Sem_1,92.0,64.0,90.0,44.0,79.0,92.0,67.0,75.42857143,528,IDEPT6347,CSE,A
SID20183060,Sem_1,49.0,73.0,83.0,73.0,75.0,96.0,79.0,75.42857143,528,IDEPT1096,CSE,A
SID20156954,Sem_1,55.0,57.0,45.0,82.0,93.0,99.0,97.0,75.42857143,528,IDEPT1096,CSE,A
SID20159915,Sem_1,64.0,58.0,70.0,86.0,53.0,99.0,98.0,75.42857143,528,IDEPT5564,CSE,A
SID20136032,Sem_1,100.0,97.0,65.0,56.0,48.0,78.0,83.0,75.28571429,527,IDEPT5564,CSE,A
SID20167287,Sem_1,40.0,81.0,72.0,98.0,91.0,49.0,96.0,75.28571429,527,IDEPT7626,CSE,A
SID20182083,Sem_1,93.0,53.0,62.0,93.0,66.0,97.0,63.0,75.28571429,527,IDEPT5564,CSE,A
SID20161343,Sem_1,55.0,,92.0,89.0,69.0,71.0,75.0,75.16666667,451,IDEPT1615,CSE,A
SID20149465,Sem_1,81.0,63.0,87.0,45.0,77.0,94.0,79.0,75.14285714,526,IDEPT1677,CSE,A
SID20177893,Sem_1,96.0,69.0,56.0,84.0,49.0,98.0,74.0,75.14285714,526,IDEPT1836,CSE,A
SID20152993,Sem_1,88.0,54.0,70.0,88.0,67.0,96.0,63.0,75.14285714,526,IDEPT4308,CSE,A
SID20152248,Sem_1,84.0,45.0,57.0,87.0,79.0,86.0,88.0,75.14285714,526,IDEPT4055,CSE,A
SID20189367,Sem_1,53.0,74.0,94.0,70.0,85.0,93.0,57.0,75.14285714,526,IDEPT5564,CSE,A
SID20169877,Sem_1,80.0,73.0,62.0,94.0,72.0,78.0,66.0,75.0,525,IDEPT4308,CSE,A
SID20162867,Sem_1,85.0,62.0,42.0,78.0,90.0,76.0,92.0,75.0,525,IDEPT5564,CSE,A
SID20162867,Sem_1,85.0,62.0,42.0,78.0,90.0,76.0,92.0,75.0,525,IDEPT5564,CSE,A
SID20175127,Sem_1,93.0,99.0,,87.0,46.0,64.0,61.0,75.0,450,IDEPT1615,CSE,A
SID20165922,Sem_1,79.0,75.0,68.0,88.0,76.0,50.0,89.0,75.0,525,IDEPT1096,CSE,A
SID20163583,Sem_1,99.0,70.0,71.0,97.0,66.0,56.0,66.0,75.0,525,IDEPT1096,CSE,A
SID20161648,Sem_1,54.0,97.0,89.0,56.0,99.0,79.0,51.0,75.0,525,IDEPT4055,CSE,A
SID20147924,Sem_1,88.0,84.0,63.0,62.0,73.0,87.0,67.0,74.85714286,524,IDEPT1096,CSE,A
SID20188426,Sem_1,61.0,82.0,96.0,94.0,58.0,84.0,49.0,74.85714286,524,IDEPT6347,CSE,A
SID20136332,Sem_1,66.0,82.0,42.0,66.0,,100.0,93.0,74.83333333,449,IDEPT7626,CSE,A
SID20136173,Sem_1,84.0,,73.0,86.0,73.0,86.0,47.0,74.83333333,449,IDEPT1096,CSE,A
SID20144210,Sem_1,93.0,89.0,67.0,55.0,84.0,42.0,93.0,74.71428571,523,IDEPT7626,CSE,A
SID20172379,Sem_1,88.0,92.0,80.0,63.0,72.0,74.0,54.0,74.71428571,523,IDEPT1096,CSE,A
SID20154604,Sem_1,93.0,85.0,70.0,56.0,81.0,48.0,90.0,74.71428571,523,IDEPT1836,CSE,A
SID20139938,Sem_1,100.0,85.0,53.0,73.0,84.0,55.0,73.0,74.71428571,523,IDEPT6347,CSE,A
SID20145033,Sem_1,59.0,97.0,92.0,69.0,44.0,74.0,88.0,74.71428571,523,IDEPT5564,CSE,A
SID20145033,Sem_1,59.0,97.0,92.0,69.0,44.0,74.0,88.0,74.71428571,523,IDEPT5564,CSE,A
SID20189982,Sem_1,98.0,94.0,55.0,97.0,45.0,82.0,52.0,74.71428571,523,IDEPT6347,CSE,A
SID20179110,Sem_1,65.0,97.0,79.0,89.0,64.0,73.0,56.0,74.71428571,523,IDEPT8825,CSE,A
SID20138360,Sem_1,75.0,60.0,61.0,91.0,70.0,100.0,65.0,74.57142857,522,IDEPT5564,CSE,A
SID20131804,Sem_1,81.0,54.0,71.0,70.0,78.0,74.0,94.0,74.57142857,522,IDEPT1836,CSE,A
SID20134156,Sem_1,95.0,96.0,75.0,56.0,77.0,64.0,59.0,74.57142857,522,IDEPT1096,CSE,A
SID20142488,Sem_1,99.0,52.0,85.0,61.0,93.0,80.0,52.0,74.57142857,522,IDEPT7626,CSE,A
SID20178246,Sem_1,72.0,60.0,50.0,94.0,99.0,90.0,57.0,74.57142857,522,IDEPT1836,CSE,A
SID20177178,Sem_1,73.0,100.0,89.0,60.0,96.0,43.0,61.0,74.57142857,522,IDEPT5109,CSE,A
SID20147806,Sem_1,74.0,94.0,77.0,66.0,72.0,87.0,52.0,74.57142857,522,IDEPT4055,CSE,A
SID20147162,Sem_1,81.0,42.0,93.0,82.0,72.0,63.0,89.0,74.57142857,522,IDEPT1096,CSE,A
SID20146534,Sem_1,72.0,70.0,85.0,85.0,62.0,91.0,57.0,74.57142857,522,IDEPT1096,CSE,A
SID20147806,Sem_1,74.0,94.0,77.0,66.0,72.0,87.0,52.0,74.57142857,522,IDEPT4055,CSE,A
SID20134156,Sem_1,95.0,96.0,75.0,56.0,77.0,64.0,59.0,74.57142857,522,IDEPT1096,CSE,A
SID20137561,Sem_1,99.0,55.0,61.0,75.0,96.0,48.0,88.0,74.57142857,522,IDEPT6347,CSE,A
SID20134409,Sem_1,43.0,68.0,84.0,92.0,59.0,77.0,99.0,74.57142857,522,IDEPT8825,CSE,A
SID20137561,Sem_1,99.0,55.0,61.0,75.0,96.0,48.0,88.0,74.57142857,522,IDEPT6347,CSE,A
SID20188470,Sem_1,69.0,47.0,81.0,74.0,86.0,98.0,67.0,74.57142857,522,IDEPT4308,CSE,A
SID20166119,Sem_1,70.0,90.0,,88.0,64.0,92.0,43.0,74.5,447,IDEPT4308,CSE,A
SID20143763,Sem_1,68.0,92.0,90.0,,45.0,62.0,90.0,74.5,447,IDEPT5109,CSE,A
SID20172003,Sem_1,91.0,74.0,85.0,65.0,68.0,92.0,46.0,74.42857143,521,IDEPT1677,CSE,A
SID20153772,Sem_1,88.0,80.0,88.0,57.0,97.0,42.0,69.0,74.42857143,521,IDEPT1836,CSE,A
SID20172920,Sem_1,99.0,54.0,78.0,82.0,69.0,67.0,71.0,74.28571429,520,IDEPT6347,CSE,A
SID20169225,Sem_1,51.0,45.0,86.0,67.0,89.0,84.0,98.0,74.28571429,520,IDEPT1836,CSE,A
SID20161326,Sem_1,79.0,58.0,84.0,57.0,80.0,74.0,88.0,74.28571429,520,IDEPT6347,CSE,A
SID20157595,Sem_1,97.0,52.0,59.0,62.0,93.0,59.0,98.0,74.28571429,520,IDEPT7626,CSE,A
SID20179777,Sem_1,49.0,81.0,85.0,98.0,45.0,64.0,98.0,74.28571429,520,IDEPT1096,CSE,A
SID20131535,Sem_1,53.0,97.0,75.0,77.0,88.0,80.0,50.0,74.28571429,520,IDEPT1615,CSE,A
SID20151289,Sem_1,99.0,70.0,79.0,88.0,83.0,56.0,45.0,74.28571429,520,IDEPT1615,CSE,A
SID20155677,Sem_1,91.0,51.0,79.0,97.0,100.0,61.0,41.0,74.28571429,520,IDEPT4055,CSE,A
SID20172908,Sem_1,58.0,85.0,84.0,78.0,75.0,45.0,95.0,74.28571429,520,IDEPT5109,CSE,A
SID20136164,Sem_1,67.0,64.0,47.0,96.0,76.0,96.0,74.0,74.28571429,520,IDEPT5109,CSE,A
SID20146939,Sem_1,87.0,93.0,74.0,96.0,56.0,70.0,44.0,74.28571429,520,IDEPT7626,CSE,A
SID20169866,Sem_1,81.0,97.0,55.0,80.0,85.0,40.0,82.0,74.28571429,520,IDEPT5564,CSE,A
SID20155618,Sem_1,85.0,55.0,99.0,64.0,60.0,59.0,98.0,74.28571429,520,IDEPT8825,CSE,A
SID20155618,Sem_1,85.0,55.0,99.0,64.0,60.0,59.0,98.0,74.28571429,520,IDEPT8825,CSE,A
SID20144894,Sem_1,86.0,55.0,100.0,72.0,88.0,,44.0,74.16666667,445,IDEPT1615,CSE,A
SID20136695,Sem_1,44.0,49.0,84.0,54.0,92.0,97.0,99.0,74.14285714,519,IDEPT4308,CSE,A
SID20172823,Sem_1,82.0,90.0,66.0,84.0,97.0,54.0,46.0,74.14285714,519,IDEPT1677,CSE,A
SID20152988,Sem_1,55.0,77.0,78.0,93.0,69.0,79.0,68.0,74.14285714,519,IDEPT1615,CSE,A
SID20188020,Sem_1,79.0,84.0,50.0,94.0,60.0,82.0,69.0,74.0,518,IDEPT4308,CSE,A
SID20188020,Sem_1,79.0,84.0,50.0,94.0,60.0,82.0,69.0,74.0,518,IDEPT4308,CSE,A
SID20164856,Sem_1,98.0,73.0,79.0,46.0,56.0,86.0,80.0,74.0,518,IDEPT5564,CSE,A
SID20187788,Sem_1,54.0,76.0,95.0,82.0,76.0,67.0,68.0,74.0,518,IDEPT1677,CSE,A
SID20132012,Sem_1,46.0,98.0,96.0,73.0,53.0,74.0,78.0,74.0,518,IDEPT1836,CSE,A
SID20184796,Sem_1,43.0,86.0,68.0,89.0,94.0,48.0,90.0,74.0,518,IDEPT5564,CSE,A
SID20174151,Sem_1,92.0,98.0,50.0,88.0,69.0,51.0,70.0,74.0,518,IDEPT1677,CSE,A
SID20139260,Sem_1,100.0,54.0,97.0,60.0,46.0,69.0,92.0,74.0,518,IDEPT6347,CSE,A
SID20143003,Sem_1,91.0,69.0,66.0,88.0,69.0,48.0,87.0,74.0,518,IDEPT4308,CSE,A
SID20187973,Sem_1,82.0,96.0,46.0,71.0,59.0,82.0,81.0,73.85714286,517,IDEPT5564,CSE,A
SID20173191,Sem_1,100.0,85.0,72.0,70.0,41.0,64.0,85.0,73.85714286,517,IDEPT1615,CSE,A
SID20174961,Sem_1,74.0,75.0,63.0,91.0,53.0,75.0,86.0,73.85714286,517,IDEPT1615,CSE,A
SID20156873,Sem_1,86.0,43.0,48.0,100.0,79.0,97.0,64.0,73.85714286,517,IDEPT6347,CSE,A
SID20163157,Sem_1,53.0,90.0,94.0,61.0,68.0,86.0,65.0,73.85714286,517,IDEPT1836,CSE,A
SID20172876,Sem_1,96.0,73.0,53.0,82.0,64.0,53.0,96.0,73.85714286,517,IDEPT1836,CSE,A
SID20172876,Sem_1,96.0,73.0,53.0,82.0,64.0,53.0,96.0,73.85714286,517,IDEPT1836,CSE,A
SID20189835,Sem_1,93.0,55.0,74.0,84.0,68.0,71.0,72.0,73.85714286,517,IDEPT1615,CSE,A
SID20176280,Sem_1,46.0,97.0,95.0,81.0,73.0,72.0,52.0,73.71428571,516,IDEPT5109,CSE,A
SID20184223,Sem_1,60.0,52.0,57.0,94.0,94.0,99.0,60.0,73.71428571,516,IDEPT7626,CSE,A
SID20183535,Sem_1,57.0,84.0,42.0,80.0,75.0,82.0,96.0,73.71428571,516,IDEPT6347,CSE,A
SID20171972,Sem_1,99.0,63.0,97.0,78.0,97.0,42.0,40.0,73.71428571,516,IDEPT8825,CSE,A
SID20174916,Sem_1,80.0,47.0,97.0,78.0,67.0,82.0,65.0,73.71428571,516,IDEPT1677,CSE,A
SID20171972,Sem_1,99.0,63.0,97.0,78.0,97.0,42.0,40.0,73.71428571,516,IDEPT8825,CSE,A
SID20156451,Sem_1,59.0,90.0,61.0,63.0,72.0,83.0,87.0,73.57142857,515,IDEPT1677,CSE,A
SID20155316,Sem_1,66.0,72.0,83.0,95.0,48.0,59.0,92.0,73.57142857,515,IDEPT4308,CSE,A
SID20154633,Sem_1,43.0,66.0,55.0,87.0,69.0,96.0,99.0,73.57142857,515,IDEPT1836,CSE,A
SID20183798,Sem_1,72.0,77.0,43.0,63.0,94.0,94.0,72.0,73.57142857,515,IDEPT1615,CSE,A
SID20157564,Sem_1,46.0,82.0,47.0,97.0,99.0,56.0,88.0,73.57142857,515,IDEPT5109,CSE,A
SID20185420,Sem_1,100.0,52.0,73.0,69.0,75.0,83.0,63.0,73.57142857,515,IDEPT5564,CSE,A
SID20184114,Sem_1,53.0,65.0,81.0,84.0,90.0,64.0,78.0,73.57142857,515,IDEPT5564,CSE,A
SID20149986,Sem_1,99.0,44.0,49.0,77.0,71.0,82.0,93.0,73.57142857,515,IDEPT1096,CSE,A
SID20176330,Sem_1,64.0,,59.0,69.0,79.0,93.0,77.0,73.5,441,IDEPT7626,CSE,A
SID20183063,Sem_1,89.0,69.0,100.0,51.0,69.0,61.0,75.0,73.42857143,514,IDEPT1096,CSE,A
SID20157698,Sem_1,100.0,73.0,77.0,64.0,69.0,87.0,44.0,73.42857143,514,IDEPT6347,CSE,A
SID20157698,Sem_1,100.0,73.0,77.0,64.0,69.0,87.0,44.0,73.42857143,514,IDEPT6347,CSE,A
SID20165755,Sem_1,93.0,54.0,87.0,75.0,75.0,46.0,84.0,73.42857143,514,IDEPT4055,CSE,A
SID20179414,Sem_1,62.0,96.0,57.0,93.0,60.0,90.0,56.0,73.42857143,514,IDEPT1836,CSE,A
SID20133625,Sem_1,49.0,94.0,,100.0,66.0,88.0,43.0,73.33333333,440,IDEPT1677,CSE,A
SID20171902,Sem_1,69.0,71.0,86.0,,87.0,74.0,53.0,73.33333333,440,IDEPT5109,CSE,A
SID20152236,Sem_1,99.0,83.0,86.0,48.0,52.0,98.0,47.0,73.28571429,513,IDEPT5564,CSE,A
SID20145581,Sem_1,98.0,66.0,58.0,90.0,81.0,57.0,63.0,73.28571429,513,IDEPT4055,CSE,A
SID20179950,Sem_1,98.0,92.0,78.0,71.0,69.0,52.0,53.0,73.28571429,513,IDEPT4055,CSE,A
SID20134723,Sem_1,91.0,46.0,86.0,88.0,43.0,79.0,80.0,73.28571429,513,IDEPT4308,CSE,A
SID20189590,Sem_1,91.0,56.0,71.0,72.0,54.0,75.0,94.0,73.28571429,513,IDEPT4308,CSE,A
SID20168281,Sem_1,87.0,95.0,71.0,75.0,41.0,99.0,45.0,73.28571429,513,IDEPT6347,CSE,A
SID20164758,Sem_1,47.0,89.0,75.0,88.0,57.0,91.0,66.0,73.28571429,513,IDEPT4308,CSE,A
SID20164916,Sem_1,85.0,84.0,52.0,84.0,40.0,100.0,68.0,73.28571429,513,IDEPT8825,CSE,A
SID20185988,Sem_1,99.0,79.0,94.0,40.0,43.0,85.0,73.0,73.28571429,513,IDEPT1096,CSE,A
SID20163696,Sem_1,67.0,56.0,55.0,66.0,96.0,90.0,82.0,73.14285714,512,IDEPT4055,CSE,A
SID20132530,Sem_1,89.0,93.0,49.0,82.0,76.0,62.0,61.0,73.14285714,512,IDEPT1836,CSE,A
SID20167500,Sem_1,69.0,100.0,86.0,48.0,84.0,64.0,61.0,73.14285714,512,IDEPT8825,CSE,A
SID20165891,Sem_1,50.0,67.0,58.0,100.0,90.0,81.0,66.0,73.14285714,512,IDEPT1615,CSE,A
SID20139795,Sem_1,93.0,48.0,49.0,76.0,95.0,73.0,78.0,73.14285714,512,IDEPT1615,CSE,A
SID20171727,Sem_1,59.0,98.0,70.0,64.0,85.0,64.0,72.0,73.14285714,512,IDEPT1836,CSE,A
SID20131826,Sem_1,47.0,96.0,77.0,56.0,68.0,74.0,94.0,73.14285714,512,IDEPT1096,CSE,A
SID20184041,Sem_1,93.0,60.0,88.0,90.0,47.0,82.0,51.0,73.0,511,IDEPT4055,CSE,A
SID20134384,Sem_1,97.0,47.0,68.0,81.0,53.0,80.0,85.0,73.0,511,IDEPT1615,CSE,A
SID20188790,Sem_1,88.0,68.0,94.0,29.0,90.0,97.0,45.0,73.0,511,IDEPT6347,CSE,A
SID20165994,Sem_1,66.0,42.0,42.0,96.0,86.0,85.0,94.0,73.0,511,IDEPT1096,CSE,A
SID20147838,Sem_1,89.0,52.0,91.0,76.0,61.0,64.0,78.0,73.0,511,IDEPT4308,CSE,B
SID20151235,Sem_1,92.0,52.0,77.0,59.0,78.0,74.0,79.0,73.0,511,IDEPT1096,CSE,B
SID20174317,Sem_1,78.0,46.0,85.0,79.0,90.0,51.0,81.0,72.85714286,510,IDEPT6347,CSE,B
SID20139610,Sem_1,88.0,56.0,55.0,97.0,59.0,98.0,57.0,72.85714286,510,IDEPT8825,CSE,B
SID20168563,Sem_1,82.0,73.0,62.0,77.0,54.0,77.0,85.0,72.85714286,510,IDEPT4055,CSE,B
SID20136701,Sem_1,79.0,63.0,61.0,82.0,83.0,55.0,87.0,72.85714286,510,IDEPT5564,CSE,B
SID20154135,Sem_1,71.0,76.0,67.0,48.0,97.0,59.0,92.0,72.85714286,510,IDEPT1836,CSE,B
SID20186808,Sem_1,70.0,100.0,73.0,98.0,46.0,55.0,68.0,72.85714286,510,IDEPT8825,CSE,B
SID20146340,Sem_1,47.0,95.0,53.0,83.0,77.0,95.0,60.0,72.85714286,510,IDEPT5109,CSE,B
SID20162174,Sem_1,61.0,65.0,66.0,61.0,84.0,80.0,92.0,72.71428571,509,IDEPT7626,CSE,B
SID20154557,Sem_1,55.0,80.0,47.0,47.0,97.0,92.0,90.0,72.57142857,508,IDEPT1836,CSE,B
SID20158776,Sem_1,78.0,86.0,77.0,45.0,93.0,78.0,51.0,72.57142857,508,IDEPT1615,CSE,B
SID20157929,Sem_1,44.0,82.0,59.0,72.0,97.0,84.0,70.0,72.57142857,508,IDEPT1615,CSE,B
SID20151907,Sem_1,89.0,66.0,97.0,41.0,42.0,99.0,74.0,72.57142857,508,IDEPT5564,CSE,B
SID20168359,Sem_1,88.0,58.0,47.0,95.0,82.0,92.0,46.0,72.57142857,508,IDEPT1615,CSE,B
SID20137981,Sem_1,91.0,67.0,94.0,68.0,67.0,71.0,50.0,72.57142857,508,IDEPT1836,CSE,B
SID20162688,Sem_1,59.0,90.0,92.0,52.0,85.0,70.0,60.0,72.57142857,508,IDEPT6347,CSE,B
SID20171805,Sem_1,77.0,80.0,97.0,51.0,50.0,77.0,76.0,72.57142857,508,IDEPT6347,CSE,B
SID20134333,Sem_1,93.0,45.0,86.0,53.0,98.0,90.0,42.0,72.42857143,507,IDEPT6347,CSE,B
SID20152423,Sem_1,89.0,92.0,64.0,62.0,91.0,63.0,46.0,72.42857143,507,IDEPT6347,CSE,B
SID20143470,Sem_1,40.0,83.0,75.0,98.0,81.0,44.0,86.0,72.42857143,507,IDEPT5564,CSE,B
SID20144696,Sem_1,65.0,65.0,47.0,83.0,86.0,73.0,88.0,72.42857143,507,IDEPT5564,CSE,B
SID20134761,Sem_1,76.0,82.0,62.0,76.0,71.0,50.0,90.0,72.42857143,507,IDEPT5564,CSE,B
SID20177493,Sem_1,44.0,76.0,75.0,60.0,83.0,81.0,88.0,72.42857143,507,IDEPT4308,CSE,B
SID20142827,Sem_1,80.0,84.0,51.0,81.0,68.0,45.0,98.0,72.42857143,507,IDEPT8825,CSE,B
SID20183697,Sem_1,68.0,82.0,93.0,56.0,100.0,62.0,46.0,72.42857143,507,IDEPT5564,CSE,B
SID20156109,Sem_1,74.0,94.0,57.0,73.0,54.0,70.0,85.0,72.42857143,507,IDEPT1836,CSE,B
SID20145949,Sem_1,66.0,94.0,84.0,42.0,,66.0,82.0,72.33333333,434,IDEPT6347,CSE,B
SID20138204,Sem_1,54.0,92.0,80.0,43.0,49.0,92.0,96.0,72.28571429,506,IDEPT1677,CSE,B
SID20181359,Sem_1,92.0,62.0,47.0,71.0,56.0,83.0,95.0,72.28571429,506,IDEPT8825,CSE,B
SID20183774,Sem_1,48.0,72.0,49.0,58.0,89.0,90.0,100.0,72.28571429,506,IDEPT5564,CSE,B
SID20142701,Sem_1,76.0,97.0,81.0,45.0,87.0,69.0,51.0,72.28571429,506,IDEPT5109,CSE,B
SID20159541,Sem_1,61.0,48.0,86.0,96.0,58.0,97.0,60.0,72.28571429,506,IDEPT4055,CSE,B
SID20148481,Sem_1,90.0,94.0,93.0,48.0,47.0,54.0,80.0,72.28571429,506,IDEPT8825,CSE,B
SID20167839,Sem_1,60.0,73.0,63.0,59.0,92.0,,86.0,72.16666667,433,IDEPT5564,CSE,B
SID20178074,Sem_1,70.0,46.0,100.0,95.0,68.0,42.0,84.0,72.14285714,505,IDEPT5109,CSE,B
SID20157860,Sem_1,84.0,68.0,77.0,59.0,42.0,81.0,94.0,72.14285714,505,IDEPT5109,CSE,B
SID20151709,Sem_1,91.0,64.0,81.0,57.0,49.0,92.0,71.0,72.14285714,505,IDEPT5564,CSE,B
SID20189757,Sem_1,65.0,43.0,94.0,87.0,70.0,69.0,77.0,72.14285714,505,IDEPT4055,CSE,B
SID20186285,Sem_1,90.0,76.0,55.0,56.0,77.0,61.0,90.0,72.14285714,505,IDEPT1615,CSE,B
SID20184988,Sem_1,57.0,90.0,94.0,46.0,53.0,66.0,99.0,72.14285714,505,IDEPT7626,CSE,B
SID20184311,Sem_1,79.0,79.0,94.0,85.0,61.0,63.0,44.0,72.14285714,505,IDEPT7626,CSE,B
SID20169314,Sem_1,90.0,96.0,49.0,81.0,69.0,51.0,69.0,72.14285714,505,IDEPT6347,CSE,B
SID20181771,Sem_1,41.0,98.0,58.0,88.0,95.0,79.0,46.0,72.14285714,505,IDEPT7626,CSE,B
SID20152606,Sem_1,76.0,84.0,73.0,,74.0,75.0,50.0,72.0,432,IDEPT5109,CSE,B
SID20175735,Sem_1,80.0,58.0,70.0,51.0,51.0,99.0,95.0,72.0,504,IDEPT5109,CSE,B
SID20181368,Sem_1,76.0,75.0,51.0,76.0,91.0,78.0,57.0,72.0,504,IDEPT4308,CSE,B
SID20173994,Sem_1,74.0,64.0,97.0,80.0,50.0,70.0,69.0,72.0,504,IDEPT4308,CSE,B
SID20184687,Sem_1,70.0,92.0,59.0,95.0,41.0,97.0,50.0,72.0,504,IDEPT7626,CSE,B
SID20134178,Sem_1,99.0,59.0,81.0,91.0,60.0,93.0,21.0,72.0,504,IDEPT1836,CSE,B
SID20178456,Sem_1,47.0,94.0,42.0,78.0,85.0,73.0,84.0,71.85714286,503,IDEPT4055,CSE,B
SID20143769,Sem_1,52.0,84.0,79.0,92.0,71.0,54.0,71.0,71.85714286,503,IDEPT4308,CSE,B
SID20173545,Sem_1,55.0,81.0,74.0,74.0,74.0,53.0,92.0,71.85714286,503,IDEPT7626,CSE,B
SID20173600,Sem_1,51.0,81.0,77.0,70.0,93.0,82.0,49.0,71.85714286,503,IDEPT5564,CSE,B
SID20136006,Sem_1,73.0,62.0,82.0,99.0,45.0,84.0,58.0,71.85714286,503,IDEPT7626,CSE,B
SID20137547,Sem_1,50.0,53.0,41.0,96.0,91.0,76.0,96.0,71.85714286,503,IDEPT4055,CSE,B
SID20137547,Sem_1,50.0,53.0,41.0,96.0,91.0,76.0,96.0,71.85714286,503,IDEPT4055,CSE,B
SID20181480,Sem_1,54.0,83.0,58.0,79.0,41.0,90.0,97.0,71.71428571,502,IDEPT5109,CSE,B
SID20181480,Sem_1,54.0,83.0,58.0,79.0,41.0,90.0,97.0,71.71428571,502,IDEPT5109,CSE,B
SID20133812,Sem_1,52.0,89.0,78.0,55.0,89.0,68.0,71.0,71.71428571,502,IDEPT4055,CSE,B
SID20183539,Sem_1,68.0,63.0,98.0,73.0,53.0,92.0,55.0,71.71428571,502,IDEPT6347,CSE,B
SID20149680,Sem_1,64.0,99.0,99.0,88.0,47.0,55.0,50.0,71.71428571,502,IDEPT1677,CSE,B
SID20179946,Sem_1,47.0,77.0,61.0,80.0,76.0,79.0,82.0,71.71428571,502,IDEPT8825,CSE,B
SID20138591,Sem_1,57.0,67.0,69.0,40.0,84.0,95.0,90.0,71.71428571,502,IDEPT6347,CSE,B
SID20167132,Sem_1,76.0,90.0,84.0,76.0,58.0,,46.0,71.66666667,430,IDEPT5109,CSE,B
SID20156700,Sem_1,76.0,63.0,61.0,74.0,82.0,,74.0,71.66666667,430,IDEPT8825,CSE,B
SID20179433,Sem_1,72.0,48.0,60.0,80.0,94.0,62.0,85.0,71.57142857,501,IDEPT8825,CSE,B
SID20144243,Sem_1,58.0,88.0,61.0,90.0,65.0,75.0,64.0,71.57142857,501,IDEPT1615,CSE,B
SID20163322,Sem_1,99.0,44.0,86.0,73.0,78.0,66.0,55.0,71.57142857,501,IDEPT1615,CSE,B
SID20185396,Sem_1,100.0,45.0,48.0,93.0,77.0,58.0,80.0,71.57142857,501,IDEPT5109,CSE,B
SID20159958,Sem_1,100.0,70.0,93.0,71.0,74.0,53.0,40.0,71.57142857,501,IDEPT4055,CSE,B
SID20155073,Sem_1,79.0,43.0,82.0,55.0,85.0,87.0,70.0,71.57142857,501,IDEPT4308,CSE,B
SID20153166,Sem_1,57.0,100.0,64.0,67.0,51.0,,90.0,71.5,429,IDEPT7626,CSE,B
SID20187944,Sem_1,71.0,80.0,54.0,65.0,63.0,,96.0,71.5,429,IDEPT1615,CSE,B
SID20182095,Sem_1,78.0,49.0,89.0,90.0,50.0,73.0,,71.5,429,IDEPT8825,CSE,B
SID20151731,Sem_1,26.0,43.0,93.0,84.0,95.0,76.0,83.0,71.42857143,500,IDEPT4055,CSE,B
SID20178201,Sem_1,83.0,89.0,65.0,80.0,80.0,49.0,54.0,71.42857143,500,IDEPT5109,CSE,B
SID20139867,Sem_1,96.0,92.0,58.0,72.0,53.0,55.0,74.0,71.42857143,500,IDEPT1677,CSE,B
SID20157426,Sem_1,93.0,67.0,69.0,43.0,90.0,98.0,40.0,71.42857143,500,IDEPT4055,CSE,B
SID20159041,Sem_1,93.0,55.0,84.0,63.0,51.0,86.0,68.0,71.42857143,500,IDEPT8825,CSE,B
SID20146342,Sem_1,20.0,76.0,95.0,61.0,63.0,97.0,88.0,71.42857143,500,IDEPT5564,CSE,B
SID20171795,Sem_1,83.0,79.0,70.0,58.0,87.0,73.0,50.0,71.42857143,500,IDEPT8825,CSE,B
SID20179823,Sem_1,46.0,78.0,52.0,86.0,52.0,97.0,89.0,71.42857143,500,IDEPT1836,CSE,B
SID20168922,Sem_1,69.0,53.0,99.0,79.0,87.0,65.0,48.0,71.42857143,500,IDEPT5564,CSE,B
SID20147007,Sem_1,80.0,92.0,74.0,78.0,25.0,76.0,75.0,71.42857143,500,IDEPT1836,CSE,B
SID20168922,Sem_1,69.0,53.0,99.0,79.0,87.0,65.0,48.0,71.42857143,500,IDEPT5564,CSE,B
SID20168588,Sem_1,89.0,79.0,53.0,51.0,66.0,86.0,76.0,71.42857143,500,IDEPT1096,CSE,B
SID20165787,Sem_1,83.0,94.0,88.0,55.0,63.0,45.0,,71.33333333,428,IDEPT1836,CSE,B
SID20169421,Sem_1,,72.0,64.0,73.0,78.0,48.0,93.0,71.33333333,428,IDEPT1615,CSE,B
SID20181955,Sem_1,76.0,79.0,66.0,83.0,53.0,91.0,51.0,71.28571429,499,IDEPT1836,CSE,B
SID20131675,Sem_1,86.0,83.0,90.0,66.0,63.0,56.0,55.0,71.28571429,499,IDEPT1615,CSE,B
SID20135405,Sem_1,53.0,66.0,71.0,76.0,89.0,85.0,59.0,71.28571429,499,IDEPT4308,CSE,B
SID20132136,Sem_1,62.0,88.0,56.0,57.0,76.0,60.0,100.0,71.28571429,499,IDEPT1677,CSE,B
SID20189495,Sem_1,50.0,86.0,81.0,92.0,48.0,88.0,54.0,71.28571429,499,IDEPT5564,CSE,B
SID20132424,Sem_1,63.0,75.0,53.0,75.0,86.0,66.0,80.0,71.14285714,498,IDEPT6347,CSE,B
SID20139695,Sem_1,44.0,67.0,50.0,75.0,74.0,95.0,93.0,71.14285714,498,IDEPT8825,CSE,B
SID20144513,Sem_1,55.0,90.0,79.0,93.0,88.0,45.0,48.0,71.14285714,498,IDEPT1096,CSE,B
SID20175603,Sem_1,74.0,79.0,81.0,92.0,65.0,55.0,52.0,71.14285714,498,IDEPT4055,CSE,B
SID20172625,Sem_1,79.0,63.0,88.0,69.0,50.0,92.0,56.0,71.0,497,IDEPT8825,CSE,B
SID20152889,Sem_1,72.0,81.0,87.0,75.0,77.0,46.0,59.0,71.0,497,IDEPT7626,CSE,B
SID20139821,Sem_1,92.0,58.0,69.0,88.0,85.0,60.0,45.0,71.0,497,IDEPT4308,CSE,B
SID20158967,Sem_1,61.0,61.0,80.0,85.0,67.0,68.0,75.0,71.0,497,IDEPT7626,CSE,B
SID20157752,Sem_1,72.0,63.0,94.0,54.0,,72.0,71.0,71.0,426,IDEPT7626,CSE,B
SID20157752,Sem_1,72.0,63.0,94.0,54.0,,72.0,71.0,71.0,426,IDEPT7626,CSE,B
SID20182269,Sem_1,87.0,82.0,54.0,80.0,67.0,71.0,56.0,71.0,497,IDEPT5564,CSE,B
SID20177354,Sem_1,88.0,56.0,89.0,76.0,54.0,50.0,84.0,71.0,497,IDEPT4055,CSE,B
SID20148725,Sem_1,96.0,86.0,85.0,71.0,52.0,47.0,60.0,71.0,497,IDEPT4055,CSE,B
SID20148725,Sem_1,96.0,86.0,85.0,71.0,52.0,47.0,60.0,71.0,497,IDEPT4055,CSE,B
SID20168021,Sem_1,93.0,90.0,70.0,78.0,41.0,40.0,84.0,70.85714286,496,IDEPT1836,CSE,B
SID20139597,Sem_1,65.0,53.0,67.0,81.0,42.0,94.0,94.0,70.85714286,496,IDEPT1836,CSE,B
SID20146091,Sem_1,92.0,46.0,75.0,73.0,89.0,42.0,79.0,70.85714286,496,IDEPT1836,CSE,B
SID20188419,Sem_1,94.0,95.0,49.0,50.0,77.0,76.0,55.0,70.85714286,496,IDEPT4055,CSE,B
SID20189917,Sem_1,95.0,71.0,69.0,56.0,55.0,96.0,54.0,70.85714286,496,IDEPT6347,CSE,B
SID20149201,Sem_1,77.0,91.0,70.0,64.0,68.0,66.0,60.0,70.85714286,496,IDEPT5109,CSE,B
SID20179163,Sem_1,53.0,71.0,56.0,46.0,76.0,100.0,94.0,70.85714286,496,IDEPT8825,CSE,B
SID20131407,Sem_1,,74.0,60.0,72.0,73.0,92.0,54.0,70.83333333,425,IDEPT1677,CSE,B
SID20186680,Sem_1,90.0,46.0,94.0,50.0,76.0,70.0,69.0,70.71428571,495,IDEPT1096,CSE,B
SID20163604,Sem_1,64.0,89.0,85.0,54.0,62.0,87.0,54.0,70.71428571,495,IDEPT5109,CSE,B
SID20139776,Sem_1,66.0,89.0,59.0,89.0,73.0,76.0,43.0,70.71428571,495,IDEPT1615,CSE,B
SID20175161,Sem_1,56.0,87.0,73.0,75.0,53.0,52.0,99.0,70.71428571,495,IDEPT5564,CSE,B
SID20172513,Sem_1,49.0,46.0,70.0,81.0,86.0,89.0,74.0,70.71428571,495,IDEPT1096,CSE,B
SID20172586,Sem_1,88.0,75.0,71.0,42.0,70.0,53.0,96.0,70.71428571,495,IDEPT1096,CSE,B
SID20153866,Sem_1,78.0,61.0,92.0,84.0,50.0,43.0,87.0,70.71428571,495,IDEPT5109,CSE,B
SID20187309,Sem_1,67.0,73.0,58.0,62.0,81.0,83.0,,70.66666667,424,IDEPT1677,CSE,B
SID20147569,Sem_1,67.0,73.0,79.0,70.0,95.0,70.0,40.0,70.57142857,494,IDEPT1836,CSE,B
SID20165207,Sem_1,64.0,62.0,70.0,53.0,72.0,99.0,74.0,70.57142857,494,IDEPT5109,CSE,B
SID20154241,Sem_1,49.0,70.0,100.0,69.0,75.0,70.0,61.0,70.57142857,494,IDEPT1677,CSE,B
SID20152486,Sem_1,70.0,86.0,88.0,85.0,51.0,54.0,60.0,70.57142857,494,IDEPT5109,CSE,B
SID20142984,Sem_1,90.0,29.0,64.0,57.0,98.0,79.0,77.0,70.57142857,494,IDEPT1677,CSE,B
SID20189926,Sem_1,66.0,67.0,61.0,66.0,60.0,95.0,79.0,70.57142857,494,IDEPT1836,CSE,B
SID20165430,Sem_1,88.0,63.0,77.0,76.0,94.0,41.0,54.0,70.42857143,493,IDEPT4055,CSE,B
SID20137187,Sem_1,71.0,49.0,77.0,85.0,86.0,42.0,83.0,70.42857143,493,IDEPT1677,CSE,B
SID20173433,Sem_1,57.0,62.0,75.0,72.0,68.0,76.0,83.0,70.42857143,493,IDEPT1677,CSE,B
SID20155961,Sem_1,66.0,46.0,75.0,87.0,94.0,51.0,74.0,70.42857143,493,IDEPT8825,CSE,B
SID20143476,Sem_1,72.0,63.0,92.0,74.0,51.0,86.0,55.0,70.42857143,493,IDEPT1615,CSE,B
SID20161416,Sem_1,69.0,82.0,100.0,80.0,20.0,99.0,43.0,70.42857143,493,IDEPT5109,CSE,B
SID20178331,Sem_1,78.0,53.0,,81.0,96.0,66.0,48.0,70.33333333,422,IDEPT1677,CSE,B
SID20166069,Sem_1,41.0,51.0,64.0,,93.0,95.0,78.0,70.33333333,422,IDEPT4308,CSE,B
SID20153402,Sem_1,91.0,48.0,60.0,87.0,99.0,65.0,42.0,70.28571429,492,IDEPT1615,CSE,B
SID20187016,Sem_1,65.0,94.0,69.0,71.0,82.0,69.0,42.0,70.28571429,492,IDEPT5109,CSE,B
SID20139701,Sem_1,85.0,75.0,40.0,53.0,84.0,99.0,56.0,70.28571429,492,IDEPT4308,CSE,B
SID20138989,Sem_1,63.0,71.0,77.0,56.0,72.0,58.0,95.0,70.28571429,492,IDEPT4308,CSE,B
SID20158240,Sem_1,45.0,85.0,47.0,93.0,80.0,87.0,54.0,70.14285714,491,IDEPT1677,CSE,B
SID20187506,Sem_1,79.0,54.0,95.0,78.0,52.0,40.0,93.0,70.14285714,491,IDEPT4308,CSE,B
SID20143169,Sem_1,99.0,74.0,83.0,45.0,47.0,44.0,99.0,70.14285714,491,IDEPT6347,CSE,B
SID20153139,Sem_1,51.0,70.0,57.0,97.0,89.0,80.0,47.0,70.14285714,491,IDEPT6347,CSE,B
SID20153139,Sem_1,51.0,70.0,57.0,97.0,89.0,80.0,47.0,70.14285714,491,IDEPT6347,CSE,B
SID20162857,Sem_1,41.0,92.0,93.0,55.0,83.0,61.0,65.0,70.0,490,IDEPT5109,CSE,B
SID20173512,Sem_1,88.0,46.0,81.0,94.0,41.0,70.0,,70.0,420,IDEPT1096,CSE,B
SID20188778,Sem_1,75.0,93.0,46.0,97.0,79.0,60.0,40.0,70.0,490,IDEPT5109,CSE,B
SID20138842,Sem_1,81.0,72.0,91.0,45.0,41.0,93.0,67.0,70.0,490,IDEPT5564,CSE,B
SID20137398,Sem_1,45.0,70.0,83.0,53.0,49.0,95.0,95.0,70.0,490,IDEPT4055,CSE,B
SID20184405,Sem_1,85.0,55.0,42.0,67.0,77.0,100.0,64.0,70.0,490,IDEPT8825,CSE,B
SID20151919,Sem_1,56.0,56.0,85.0,63.0,93.0,79.0,58.0,70.0,490,IDEPT5564,CSE,B
SID20146478,Sem_1,78.0,64.0,55.0,73.0,80.0,99.0,41.0,70.0,490,IDEPT4055,CSE,B
SID20146207,Sem_1,68.0,56.0,65.0,61.0,99.0,81.0,60.0,70.0,490,IDEPT7626,CSE,B
SID20188071,Sem_1,51.0,,82.0,54.0,78.0,100.0,55.0,70.0,420,IDEPT4308,CSE,B
SID20163648,Sem_1,98.0,40.0,63.0,74.0,,93.0,52.0,70.0,420,IDEPT7626,CSE,B
SID20149772,Sem_1,88.0,68.0,58.0,84.0,84.0,60.0,48.0,70.0,490,IDEPT7626,CSE,B
SID20173746,Sem_1,52.0,53.0,96.0,67.0,70.0,51.0,100.0,69.85714286,489,IDEPT1677,CSE,B
SID20173681,Sem_1,93.0,78.0,97.0,64.0,71.0,67.0,19.0,69.85714286,489,IDEPT4308,CSE,B
SID20155988,Sem_1,88.0,53.0,97.0,45.0,83.0,44.0,79.0,69.85714286,489,IDEPT5109,CSE,B
SID20143901,Sem_1,58.0,99.0,43.0,69.0,53.0,68.0,99.0,69.85714286,489,IDEPT4055,CSE,B
SID20148324,Sem_1,84.0,79.0,49.0,94.0,93.0,49.0,40.0,69.71428571,488,IDEPT4308,CSE,B
SID20147638,Sem_1,64.0,92.0,71.0,51.0,79.0,83.0,48.0,69.71428571,488,IDEPT4308,CSE,B
SID20162603,Sem_1,43.0,88.0,84.0,81.0,68.0,50.0,74.0,69.71428571,488,IDEPT4308,CSE,B
SID20171691,Sem_1,66.0,65.0,87.0,69.0,62.0,97.0,42.0,69.71428571,488,IDEPT5109,CSE,B
SID20177723,Sem_1,91.0,55.0,51.0,89.0,64.0,68.0,,69.66666667,418,IDEPT8825,CSE,B
SID20158064,Sem_1,50.0,76.0,,69.0,87.0,86.0,50.0,69.66666667,418,IDEPT1096,CSE,B
SID20158064,Sem_1,50.0,76.0,,69.0,87.0,86.0,50.0,69.66666667,418,IDEPT1096,CSE,B
SID20156195,Sem_1,91.0,,69.0,68.0,69.0,,51.0,69.6,348,IDEPT4055,CSE,B
SID20175456,Sem_1,95.0,52.0,63.0,53.0,60.0,92.0,72.0,69.57142857,487,IDEPT4308,CSE,B
SID20187303,Sem_1,50.0,78.0,73.0,48.0,71.0,74.0,93.0,69.57142857,487,IDEPT5564,CSE,B
SID20158628,Sem_1,61.0,92.0,65.0,49.0,80.0,81.0,59.0,69.57142857,487,IDEPT5564,CSE,B
SID20137137,Sem_1,84.0,98.0,79.0,47.0,84.0,49.0,46.0,69.57142857,487,IDEPT4055,CSE,B
SID20164462,Sem_1,93.0,78.0,92.0,80.0,60.0,41.0,43.0,69.57142857,487,IDEPT1615,CSE,B
SID20135023,Sem_1,60.0,82.0,86.0,77.0,57.0,49.0,76.0,69.57142857,487,IDEPT6347,CSE,B
SID20138450,Sem_1,74.0,89.0,76.0,55.0,60.0,77.0,56.0,69.57142857,487,IDEPT6347,CSE,B
SID20131817,Sem_1,57.0,58.0,97.0,50.0,78.0,58.0,89.0,69.57142857,487,IDEPT4308,CSE,B
SID20134484,Sem_1,70.0,81.0,40.0,67.0,92.0,80.0,57.0,69.57142857,487,IDEPT1677,CSE,B
SID20184838,Sem_1,69.0,77.0,57.0,76.0,50.0,88.0,,69.5,417,IDEPT1677,CSE,B
SID20142793,Sem_1,67.0,89.0,72.0,43.0,83.0,88.0,44.0,69.42857143,486,IDEPT5109,CSE,B
SID20155707,Sem_1,100.0,78.0,63.0,53.0,80.0,45.0,67.0,69.42857143,486,IDEPT4308,CSE,B
SID20155707,Sem_1,100.0,78.0,63.0,53.0,80.0,45.0,67.0,69.42857143,486,IDEPT4308,CSE,B
SID20133561,Sem_1,40.0,88.0,78.0,76.0,62.0,45.0,97.0,69.42857143,486,IDEPT7626,CSE,B
SID20151805,Sem_1,45.0,55.0,78.0,75.0,52.0,82.0,99.0,69.42857143,486,IDEPT1096,CSE,B
SID20169779,Sem_1,84.0,67.0,69.0,75.0,73.0,71.0,47.0,69.42857143,486,IDEPT1096,CSE,B
SID20142116,Sem_1,93.0,42.0,72.0,58.0,87.0,50.0,84.0,69.42857143,486,IDEPT1836,CSE,B
SID20138779,Sem_1,98.0,72.0,,76.0,61.0,58.0,51.0,69.33333333,416,IDEPT1836,CSE,B
SID20159556,Sem_1,53.0,72.0,61.0,77.0,56.0,94.0,72.0,69.28571429,485,IDEPT1836,CSE,B
SID20141485,Sem_1,93.0,70.0,75.0,70.0,62.0,55.0,60.0,69.28571429,485,IDEPT5564,CSE,B
SID20158658,Sem_1,92.0,44.0,84.0,85.0,41.0,66.0,73.0,69.28571429,485,IDEPT5109,CSE,B
SID20181988,Sem_1,95.0,48.0,52.0,78.0,85.0,83.0,44.0,69.28571429,485,IDEPT1836,CSE,B
SID20151700,Sem_1,82.0,81.0,81.0,45.0,97.0,55.0,44.0,69.28571429,485,IDEPT1096,CSE,B
SID20151700,Sem_1,82.0,81.0,81.0,45.0,97.0,55.0,44.0,69.28571429,485,IDEPT1096,CSE,B
SID20151268,Sem_1,,71.0,92.0,41.0,45.0,95.0,71.0,69.16666667,415,IDEPT1677,CSE,B
SID20186115,Sem_1,55.0,41.0,93.0,98.0,59.0,60.0,78.0,69.14285714,484,IDEPT5109,CSE,B
SID20183238,Sem_1,74.0,51.0,69.0,98.0,78.0,59.0,55.0,69.14285714,484,IDEPT5109,CSE,B
SID20183238,Sem_1,74.0,51.0,69.0,98.0,78.0,59.0,55.0,69.14285714,484,IDEPT5109,CSE,B
SID20188791,Sem_1,57.0,59.0,95.0,58.0,70.0,79.0,66.0,69.14285714,484,IDEPT5109,CSE,B
SID20138050,Sem_1,79.0,86.0,76.0,54.0,89.0,44.0,56.0,69.14285714,484,IDEPT4308,CSE,B
SID20171502,Sem_1,81.0,68.0,60.0,78.0,40.0,100.0,57.0,69.14285714,484,IDEPT1096,CSE,B
SID20168183,Sem_1,64.0,95.0,57.0,63.0,76.0,40.0,89.0,69.14285714,484,IDEPT4055,CSE,B
SID20168183,Sem_1,64.0,95.0,57.0,63.0,76.0,40.0,89.0,69.14285714,484,IDEPT4055,CSE,B
SID20189048,Sem_1,55.0,57.0,50.0,53.0,78.0,97.0,94.0,69.14285714,484,IDEPT1615,CSE,B
SID20177506,Sem_1,78.0,50.0,64.0,93.0,71.0,80.0,48.0,69.14285714,484,IDEPT1836,CSE,B
SID20177506,Sem_1,78.0,50.0,64.0,93.0,71.0,80.0,48.0,69.14285714,484,IDEPT1836,CSE,B
SID20184763,Sem_1,96.0,77.0,54.0,25.0,54.0,87.0,90.0,69.0,483,IDEPT1836,CSE,B
SID20131753,Sem_1,80.0,63.0,97.0,41.0,82.0,62.0,58.0,69.0,483,IDEPT8825,CSE,B
SID20165818,Sem_1,70.0,66.0,41.0,81.0,79.0,59.0,87.0,69.0,483,IDEPT7626,CSE,B
SID20165272,Sem_1,70.0,71.0,94.0,58.0,49.0,97.0,44.0,69.0,483,IDEPT4308,CSE,B
SID20153115,Sem_1,95.0,85.0,49.0,50.0,96.0,59.0,49.0,69.0,483,IDEPT4308,CSE,B
SID20153041,Sem_1,70.0,40.0,69.0,77.0,73.0,90.0,64.0,69.0,483,IDEPT7626,CSE,B
SID20155487,Sem_1,72.0,61.0,94.0,57.0,52.0,50.0,97.0,69.0,483,IDEPT1096,CSE,B
SID20178663,Sem_1,72.0,68.0,78.0,80.0,50.0,40.0,95.0,69.0,483,IDEPT1096,CSE,B
SID20164863,Sem_1,68.0,89.0,,42.0,68.0,53.0,94.0,69.0,414,IDEPT1096,CSE,B
SID20189575,Sem_1,83.0,96.0,54.0,67.0,82.0,41.0,60.0,69.0,483,IDEPT6347,CSE,B
SID20186033,Sem_1,91.0,77.0,56.0,99.0,49.0,45.0,66.0,69.0,483,IDEPT5109,CSE,B
SID20186033,Sem_1,91.0,77.0,56.0,99.0,49.0,45.0,66.0,69.0,483,IDEPT5109,CSE,B
SID20169218,Sem_1,43.0,97.0,58.0,64.0,87.0,55.0,79.0,69.0,483,IDEPT5109,CSE,B
SID20163839,Sem_1,90.0,72.0,64.0,44.0,46.0,94.0,72.0,68.85714286,482,IDEPT5564,CSE,B
SID20156978,Sem_1,78.0,95.0,58.0,40.0,99.0,61.0,51.0,68.85714286,482,IDEPT1836,CSE,B
SID20156978,Sem_1,78.0,95.0,58.0,40.0,99.0,61.0,51.0,68.85714286,482,IDEPT1836,CSE,B
SID20147961,Sem_1,98.0,63.0,40.0,87.0,55.0,91.0,48.0,68.85714286,482,IDEPT7626,CSE,B
SID20139691,Sem_1,68.0,49.0,69.0,75.0,57.0,74.0,90.0,68.85714286,482,IDEPT1677,CSE,B
SID20147914,Sem_1,47.0,53.0,82.0,89.0,90.0,55.0,66.0,68.85714286,482,IDEPT5109,CSE,B
SID20145798,Sem_1,90.0,94.0,65.0,54.0,43.0,51.0,85.0,68.85714286,482,IDEPT4055,CSE,B
SID20161994,Sem_1,52.0,62.0,84.0,53.0,74.0,85.0,72.0,68.85714286,482,IDEPT1615,CSE,B
SID20171476,Sem_1,85.0,63.0,63.0,84.0,56.0,47.0,84.0,68.85714286,482,IDEPT1677,CSE,B
SID20182760,Sem_1,29.0,53.0,78.0,92.0,99.0,81.0,50.0,68.85714286,482,IDEPT5109,CSE,B
SID20174192,Sem_1,73.0,74.0,83.0,55.0,66.0,80.0,51.0,68.85714286,482,IDEPT4308,CSE,B
SID20133854,Sem_1,60.0,49.0,90.0,93.0,,62.0,59.0,68.83333333,413,IDEPT7626,CSE,B
SID20185573,Sem_1,61.0,,94.0,26.0,52.0,87.0,93.0,68.83333333,413,IDEPT8825,CSE,B
SID20158716,Sem_1,64.0,41.0,89.0,,92.0,58.0,,68.8,344,IDEPT6347,CSE,B
SID20133376,Sem_1,45.0,98.0,58.0,52.0,57.0,75.0,96.0,68.71428571,481,IDEPT4308,CSE,B
SID20176777,Sem_1,93.0,55.0,76.0,80.0,59.0,78.0,40.0,68.71428571,481,IDEPT1096,CSE,B
SID20152980,Sem_1,56.0,,80.0,79.0,76.0,50.0,71.0,68.66666667,412,IDEPT6347,CSE,B
SID20153865,Sem_1,,89.0,64.0,54.0,,49.0,87.0,68.6,343,IDEPT7626,CSE,B
SID20156372,Sem_1,89.0,58.0,86.0,40.0,77.0,83.0,47.0,68.57142857,480,IDEPT1836,CSE,B
SID20157032,Sem_1,62.0,99.0,42.0,75.0,64.0,84.0,54.0,68.57142857,480,IDEPT1096,CSE,B
SID20156372,Sem_1,89.0,58.0,86.0,40.0,77.0,83.0,47.0,68.57142857,480,IDEPT1836,CSE,B
SID20166515,Sem_1,64.0,62.0,89.0,99.0,72.0,52.0,42.0,68.57142857,480,IDEPT1096,CSE,B
SID20169304,Sem_1,57.0,74.0,79.0,87.0,83.0,56.0,44.0,68.57142857,480,IDEPT1615,CSE,B
SID20142404,Sem_1,51.0,41.0,76.0,100.0,47.0,71.0,94.0,68.57142857,480,IDEPT1615,CSE,B
SID20149429,Sem_1,51.0,74.0,80.0,97.0,52.0,76.0,50.0,68.57142857,480,IDEPT4308,CSE,B
SID20183945,Sem_1,43.0,70.0,74.0,65.0,88.0,68.0,72.0,68.57142857,480,IDEPT1615,CSE,B
SID20186288,Sem_1,77.0,63.0,42.0,91.0,90.0,65.0,52.0,68.57142857,480,IDEPT1615,CSE,B
SID20184991,Sem_1,42.0,99.0,66.0,53.0,53.0,95.0,72.0,68.57142857,480,IDEPT5109,CSE,B
SID20143341,Sem_1,,70.0,92.0,44.0,61.0,52.0,92.0,68.5,411,IDEPT5564,CSE,B
SID20155580,Sem_1,100.0,50.0,83.0,47.0,55.0,96.0,48.0,68.42857143,479,IDEPT1615,CSE,B
SID20182445,Sem_1,85.0,73.0,44.0,91.0,60.0,45.0,81.0,68.42857143,479,IDEPT6347,CSE,B
SID20131438,Sem_1,76.0,41.0,100.0,49.0,87.0,67.0,59.0,68.42857143,479,IDEPT8825,CSE,B
SID20174302,Sem_1,77.0,69.0,53.0,90.0,67.0,59.0,64.0,68.42857143,479,IDEPT5109,CSE,B
SID20177713,Sem_1,96.0,40.0,88.0,66.0,47.0,80.0,62.0,68.42857143,479,IDEPT1096,CSE,B
SID20159098,Sem_1,56.0,54.0,95.0,59.0,89.0,70.0,56.0,68.42857143,479,IDEPT1836,CSE,B
SID20169361,Sem_1,59.0,61.0,88.0,84.0,50.0,68.0,,68.33333333,410,IDEPT5109,CSE,B
SID20178116,Sem_1,,46.0,73.0,63.0,46.0,82.0,100.0,68.33333333,410,IDEPT1836,CSE,B
SID20187483,Sem_1,85.0,98.0,68.0,55.0,69.0,44.0,59.0,68.28571429,478,IDEPT5564,CSE,B
SID20147277,Sem_1,99.0,80.0,56.0,49.0,86.0,68.0,40.0,68.28571429,478,IDEPT6347,CSE,B
SID20165964,Sem_1,56.0,77.0,49.0,55.0,96.0,46.0,99.0,68.28571429,478,IDEPT5564,CSE,B
SID20185540,Sem_1,55.0,84.0,52.0,47.0,88.0,79.0,73.0,68.28571429,478,IDEPT4055,CSE,B
SID20131265,Sem_1,47.0,68.0,46.0,86.0,66.0,90.0,75.0,68.28571429,478,IDEPT6347,CSE,B
SID20188086,Sem_1,44.0,78.0,65.0,96.0,58.0,74.0,63.0,68.28571429,478,IDEPT5109,CSE,B
SID20148176,Sem_1,94.0,53.0,79.0,73.0,65.0,55.0,59.0,68.28571429,478,IDEPT1677,CSE,B
SID20133095,Sem_1,78.0,50.0,45.0,63.0,86.0,73.0,83.0,68.28571429,478,IDEPT1096,CSE,B
SID20169396,Sem_1,77.0,88.0,87.0,46.0,59.0,40.0,81.0,68.28571429,478,IDEPT6347,CSE,B
SID20177030,Sem_1,40.0,81.0,42.0,85.0,83.0,75.0,72.0,68.28571429,478,IDEPT6347,CSE,B
SID20167197,Sem_1,67.0,75.0,72.0,,68.0,44.0,83.0,68.16666667,409,IDEPT5109,CSE,B
SID20164814,Sem_1,68.0,68.0,54.0,,79.0,43.0,97.0,68.16666667,409,IDEPT1096,CSE,B
SID20159963,Sem_1,42.0,100.0,77.0,44.0,59.0,84.0,71.0,68.14285714,477,IDEPT1677,CSE,B
SID20178338,Sem_1,91.0,46.0,93.0,28.0,93.0,55.0,71.0,68.14285714,477,IDEPT5564,CSE,B
SID20183437,Sem_1,52.0,54.0,95.0,95.0,52.0,78.0,51.0,68.14285714,477,IDEPT1096,CSE,B
SID20158224,Sem_1,76.0,61.0,50.0,88.0,41.0,73.0,88.0,68.14285714,477,IDEPT7626,CSE,B
SID20165594,Sem_1,51.0,90.0,75.0,56.0,49.0,73.0,83.0,68.14285714,477,IDEPT5564,CSE,B
SID20175132,Sem_1,67.0,67.0,91.0,97.0,25.0,50.0,80.0,68.14285714,477,IDEPT4308,CSE,B
SID20185649,Sem_1,60.0,60.0,70.0,74.0,53.0,60.0,99.0,68.0,476,IDEPT1836,CSE,B
SID20155402,Sem_1,88.0,62.0,49.0,69.0,67.0,60.0,81.0,68.0,476,IDEPT1096,CSE,B
SID20183803,Sem_1,64.0,89.0,43.0,44.0,87.0,60.0,89.0,68.0,476,IDEPT4055,CSE,B
SID20172372,Sem_1,45.0,73.0,54.0,74.0,85.0,84.0,61.0,68.0,476,IDEPT1096,CSE,B
SID20173716,Sem_1,77.0,73.0,79.0,61.0,27.0,99.0,60.0,68.0,476,IDEPT5109,CSE,B
SID20134421,Sem_1,52.0,59.0,79.0,77.0,53.0,71.0,85.0,68.0,476,IDEPT4055,CSE,B
SID20131943,Sem_1,99.0,40.0,59.0,55.0,83.0,88.0,52.0,68.0,476,IDEPT7626,CSE,B
SID20175389,Sem_1,49.0,62.0,94.0,43.0,51.0,78.0,99.0,68.0,476,IDEPT1677,CSE,B
SID20156784,Sem_1,98.0,44.0,75.0,62.0,59.0,69.0,69.0,68.0,476,IDEPT1615,CSE,B
SID20182166,Sem_1,49.0,80.0,83.0,89.0,89.0,46.0,40.0,68.0,476,IDEPT1615,CSE,B
SID20141616,Sem_1,61.0,42.0,72.0,91.0,44.0,77.0,89.0,68.0,476,IDEPT1615,CSE,B
SID20188545,Sem_1,64.0,59.0,61.0,65.0,83.0,68.0,76.0,68.0,476,IDEPT7626,CSE,B
SID20142086,Sem_1,42.0,64.0,80.0,70.0,71.0,83.0,65.0,67.85714286,475,IDEPT5564,CSE,B
SID20131246,Sem_1,42.0,60.0,91.0,57.0,41.0,96.0,88.0,67.85714286,475,IDEPT5564,CSE,B
SID20164582,Sem_1,48.0,80.0,41.0,87.0,87.0,54.0,78.0,67.85714286,475,IDEPT1677,CSE,B
SID20135261,Sem_1,77.0,22.0,81.0,66.0,45.0,89.0,95.0,67.85714286,475,IDEPT7626,CSE,B
SID20161987,Sem_1,83.0,67.0,74.0,93.0,41.0,74.0,43.0,67.85714286,475,IDEPT1836,CSE,B
SID20175812,Sem_1,41.0,41.0,48.0,86.0,77.0,99.0,83.0,67.85714286,475,IDEPT7626,CSE,B
SID20169620,Sem_1,75.0,84.0,65.0,69.0,88.0,49.0,45.0,67.85714286,475,IDEPT1096,CSE,B
SID20181505,Sem_1,79.0,63.0,69.0,44.0,78.0,96.0,46.0,67.85714286,475,IDEPT5564,CSE,B
SID20159054,Sem_1,63.0,91.0,43.0,77.0,59.0,57.0,85.0,67.85714286,475,IDEPT5109,CSE,B
SID20185527,Sem_1,62.0,94.0,61.0,49.0,60.0,75.0,74.0,67.85714286,475,IDEPT6347,CSE,B
SID20183685,Sem_1,89.0,74.0,,60.0,61.0,48.0,75.0,67.83333333,407,IDEPT1615,CSE,B
SID20166183,Sem_1,53.0,55.0,68.0,55.0,65.0,82.0,96.0,67.71428571,474,IDEPT1615,CSE,B
SID20168704,Sem_1,47.0,84.0,75.0,54.0,65.0,64.0,85.0,67.71428571,474,IDEPT4308,CSE,B
SID20155078,Sem_1,73.0,81.0,54.0,45.0,57.0,94.0,70.0,67.71428571,474,IDEPT1836,CSE,B
SID20164157,Sem_1,40.0,54.0,66.0,76.0,94.0,46.0,98.0,67.71428571,474,IDEPT1096,CSE,B
SID20168902,Sem_1,83.0,67.0,45.0,75.0,75.0,44.0,85.0,67.71428571,474,IDEPT5564,CSE,B
SID20165776,Sem_1,52.0,90.0,40.0,61.0,96.0,79.0,56.0,67.71428571,474,IDEPT5109,CSE,B
SID20182135,Sem_1,81.0,57.0,75.0,75.0,54.0,51.0,81.0,67.71428571,474,IDEPT1615,CSE,B
SID20169335,Sem_1,64.0,80.0,93.0,45.0,62.0,62.0,68.0,67.71428571,474,IDEPT1096,CSE,B
SID20184391,Sem_1,73.0,41.0,67.0,87.0,68.0,90.0,48.0,67.71428571,474,IDEPT5109,CSE,B
SID20165194,Sem_1,80.0,70.0,75.0,72.0,53.0,42.0,82.0,67.71428571,474,IDEPT1677,CSE,B
SID20184391,Sem_1,73.0,41.0,67.0,87.0,68.0,90.0,48.0,67.71428571,474,IDEPT5109,CSE,B
SID20184391,Sem_1,73.0,41.0,67.0,87.0,68.0,90.0,48.0,67.71428571,474,IDEPT5109,CSE,B
SID20146358,Sem_1,48.0,61.0,42.0,82.0,99.0,63.0,79.0,67.71428571,474,IDEPT4308,CSE,B
SID20158478,Sem_1,61.0,76.0,52.0,93.0,56.0,43.0,93.0,67.71428571,474,IDEPT1836,CSE,B
SID20159624,Sem_1,56.0,55.0,55.0,99.0,58.0,96.0,55.0,67.71428571,474,IDEPT1615,CSE,B
SID20151668,Sem_1,83.0,48.0,72.0,74.0,51.0,68.0,78.0,67.71428571,474,IDEPT4055,CSE,B
SID20189630,Sem_1,94.0,64.0,61.0,93.0,56.0,48.0,58.0,67.71428571,474,IDEPT6347,CSE,B
SID20138588,Sem_1,61.0,98.0,42.0,67.0,78.0,57.0,71.0,67.71428571,474,IDEPT4308,CSE,B
SID20162004,Sem_1,53.0,83.0,64.0,57.0,66.0,53.0,98.0,67.71428571,474,IDEPT1836,CSE,B
SID20146826,Sem_1,64.0,43.0,83.0,,94.0,76.0,46.0,67.66666667,406,IDEPT4308,CSE,B
SID20135373,Sem_1,78.0,48.0,95.0,95.0,61.0,45.0,51.0,67.57142857,473,IDEPT4308,CSE,B
SID20185551,Sem_1,70.0,99.0,58.0,52.0,51.0,90.0,53.0,67.57142857,473,IDEPT6347,CSE,B
SID20141604,Sem_1,74.0,23.0,81.0,67.0,79.0,73.0,76.0,67.57142857,473,IDEPT5109,CSE,B
SID20151755,Sem_1,42.0,87.0,75.0,54.0,52.0,79.0,84.0,67.57142857,473,IDEPT6347,CSE,B
SID20165947,Sem_1,40.0,90.0,63.0,54.0,73.0,,85.0,67.5,405,IDEPT7626,CSE,B
SID20138640,Sem_1,53.0,80.0,55.0,53.0,54.0,82.0,95.0,67.42857143,472,IDEPT8825,CSE,B
SID20171308,Sem_1,63.0,68.0,,77.0,80.0,55.0,61.0,67.33333333,404,IDEPT6347,CSE,B
SID20139301,Sem_1,73.0,77.0,44.0,67.0,92.0,51.0,,67.33333333,404,IDEPT8825,CSE,B
SID20183612,Sem_1,92.0,83.0,49.0,95.0,40.0,56.0,56.0,67.28571429,471,IDEPT7626,CSE,B
SID20135154,Sem_1,47.0,72.0,65.0,59.0,70.0,84.0,74.0,67.28571429,471,IDEPT4308,CSE,B
SID20159327,Sem_1,53.0,69.0,69.0,61.0,95.0,70.0,54.0,67.28571429,471,IDEPT6347,CSE,B
SID20181602,Sem_1,57.0,92.0,49.0,69.0,45.0,62.0,97.0,67.28571429,471,IDEPT8825,CSE,B
SID20172364,Sem_1,57.0,79.0,63.0,40.0,86.0,62.0,84.0,67.28571429,471,IDEPT6347,CSE,B
SID20182928,Sem_1,72.0,74.0,100.0,68.0,41.0,43.0,73.0,67.28571429,471,IDEPT6347,CSE,B
SID20142847,Sem_1,46.0,85.0,47.0,98.0,64.0,48.0,83.0,67.28571429,471,IDEPT6347,CSE,B
SID20143071,Sem_1,51.0,85.0,92.0,55.0,73.0,69.0,46.0,67.28571429,471,IDEPT1836,CSE,B
SID20163192,Sem_1,42.0,40.0,89.0,,62.0,70.0,100.0,67.16666667,403,IDEPT5564,CSE,B
SID20138475,Sem_1,21.0,65.0,41.0,97.0,100.0,50.0,96.0,67.14285714,470,IDEPT7626,CSE,B
SID20184775,Sem_1,73.0,62.0,43.0,76.0,88.0,68.0,60.0,67.14285714,470,IDEPT4308,CSE,B
SID20181437,Sem_1,84.0,59.0,90.0,68.0,50.0,53.0,66.0,67.14285714,470,IDEPT4308,CSE,B
SID20186498,Sem_1,63.0,69.0,77.0,86.0,51.0,83.0,41.0,67.14285714,470,IDEPT4055,CSE,B
SID20155093,Sem_1,61.0,89.0,68.0,98.0,20.0,72.0,62.0,67.14285714,470,IDEPT5564,CSE,B
SID20176566,Sem_1,53.0,52.0,56.0,68.0,76.0,85.0,80.0,67.14285714,470,IDEPT5564,CSE,B
SID20172280,Sem_1,58.0,40.0,60.0,85.0,80.0,69.0,78.0,67.14285714,470,IDEPT5564,CSE,B
SID20178769,Sem_1,,20.0,65.0,96.0,97.0,74.0,50.0,67.0,402,IDEPT5109,CSE,B
SID20169276,Sem_1,59.0,91.0,56.0,66.0,95.0,42.0,60.0,67.0,469,IDEPT5109,CSE,B
SID20142432,Sem_1,69.0,65.0,64.0,58.0,42.0,98.0,73.0,67.0,469,IDEPT1836,CSE,B
SID20172371,Sem_1,,64.0,72.0,69.0,,43.0,87.0,67.0,335,IDEPT8825,CSE,B
SID20178344,Sem_1,86.0,41.0,61.0,88.0,53.0,83.0,57.0,67.0,469,IDEPT1615,CSE,B
SID20179500,Sem_1,49.0,44.0,88.0,92.0,91.0,58.0,47.0,67.0,469,IDEPT4055,CSE,B
SID20144766,Sem_1,44.0,79.0,51.0,59.0,55.0,98.0,83.0,67.0,469,IDEPT1615,CSE,B
SID20155144,Sem_1,44.0,99.0,54.0,95.0,48.0,76.0,53.0,67.0,469,IDEPT8825,CSE,B
SID20175448,Sem_1,45.0,71.0,64.0,82.0,80.0,66.0,60.0,66.85714286,468,IDEPT1677,CSE,B
SID20136179,Sem_1,77.0,80.0,94.0,43.0,78.0,28.0,68.0,66.85714286,468,IDEPT1677,CSE,B
SID20136179,Sem_1,77.0,80.0,94.0,43.0,78.0,28.0,68.0,66.85714286,468,IDEPT1677,CSE,B
SID20172981,Sem_1,82.0,62.0,62.0,52.0,59.0,66.0,85.0,66.85714286,468,IDEPT6347,CSE,B
SID20164962,Sem_1,66.0,63.0,93.0,45.0,79.0,80.0,42.0,66.85714286,468,IDEPT1615,CSE,B
SID20144115,Sem_1,53.0,46.0,98.0,58.0,53.0,99.0,61.0,66.85714286,468,IDEPT1836,CSE,B
SID20184366,Sem_1,60.0,70.0,50.0,62.0,87.0,74.0,65.0,66.85714286,468,IDEPT5109,CSE,B
SID20159950,Sem_1,72.0,92.0,63.0,58.0,45.0,56.0,82.0,66.85714286,468,IDEPT1836,CSE,B
SID20166732,Sem_1,76.0,74.0,92.0,,40.0,52.0,67.0,66.83333333,401,IDEPT1096,CSE,B
SID20148578,Sem_1,81.0,,45.0,80.0,59.0,91.0,45.0,66.83333333,401,IDEPT1677,CSE,B
SID20157271,Sem_1,47.0,90.0,52.0,84.0,45.0,,83.0,66.83333333,401,IDEPT1836,CSE,B
SID20185106,Sem_1,,40.0,48.0,81.0,71.0,91.0,70.0,66.83333333,401,IDEPT6347,CSE,B
SID20165758,Sem_1,84.0,40.0,56.0,91.0,71.0,40.0,85.0,66.71428571,467,IDEPT8825,CSE,B
SID20143835,Sem_1,62.0,77.0,56.0,51.0,88.0,76.0,57.0,66.71428571,467,IDEPT1096,CSE,B
SID20142845,Sem_1,57.0,54.0,95.0,68.0,76.0,51.0,66.0,66.71428571,467,IDEPT7626,CSE,B
SID20139554,Sem_1,80.0,57.0,70.0,51.0,69.0,45.0,95.0,66.71428571,467,IDEPT8825,CSE,B
SID20186733,Sem_1,88.0,99.0,76.0,51.0,49.0,45.0,59.0,66.71428571,467,IDEPT1096,CSE,B
SID20176033,Sem_1,97.0,47.0,63.0,60.0,76.0,52.0,72.0,66.71428571,467,IDEPT4308,CSE,B
SID20182813,Sem_1,90.0,24.0,99.0,51.0,76.0,,60.0,66.66666667,400,IDEPT5564,CSE,B
SID20134173,Sem_1,92.0,53.0,53.0,56.0,85.0,,61.0,66.66666667,400,IDEPT1615,CSE,B
SID20134428,Sem_1,73.0,57.0,86.0,45.0,96.0,59.0,50.0,66.57142857,466,IDEPT1836,CSE,B
SID20179838,Sem_1,63.0,54.0,55.0,88.0,44.0,88.0,74.0,66.57142857,466,IDEPT4308,CSE,B
SID20173459,Sem_1,54.0,82.0,42.0,82.0,80.0,61.0,65.0,66.57142857,466,IDEPT5109,CSE,B
SID20143032,Sem_1,40.0,82.0,68.0,57.0,73.0,95.0,51.0,66.57142857,466,IDEPT4308,CSE,B
SID20143032,Sem_1,40.0,82.0,68.0,57.0,73.0,95.0,51.0,66.57142857,466,IDEPT4308,CSE,B
SID20165714,Sem_1,47.0,57.0,53.0,87.0,69.0,69.0,84.0,66.57142857,466,IDEPT8825,CSE,B
SID20132894,Sem_1,45.0,73.0,100.0,97.0,48.0,45.0,58.0,66.57142857,466,IDEPT4308,CSE,B
SID20136041,Sem_1,73.0,46.0,90.0,84.0,75.0,47.0,50.0,66.42857143,465,IDEPT6347,CSE,B
SID20182046,Sem_1,87.0,44.0,72.0,91.0,45.0,61.0,65.0,66.42857143,465,IDEPT4308,CSE,B
SID20168479,Sem_1,79.0,74.0,57.0,46.0,78.0,73.0,58.0,66.42857143,465,IDEPT5564,CSE,B
SID20176096,Sem_1,61.0,74.0,78.0,52.0,75.0,76.0,49.0,66.42857143,465,IDEPT8825,CSE,B
SID20139775,Sem_1,90.0,60.0,75.0,90.0,66.0,44.0,40.0,66.42857143,465,IDEPT4055,CSE,B
SID20188321,Sem_1,42.0,97.0,56.0,98.0,61.0,48.0,63.0,66.42857143,465,IDEPT4055,CSE,B
SID20165948,Sem_1,57.0,48.0,74.0,68.0,72.0,77.0,69.0,66.42857143,465,IDEPT4055,CSE,B
SID20181450,Sem_1,82.0,67.0,56.0,78.0,72.0,46.0,64.0,66.42857143,465,IDEPT8825,CSE,B
SID20181450,Sem_1,82.0,67.0,56.0,78.0,72.0,46.0,64.0,66.42857143,465,IDEPT8825,CSE,B
SID20162125,Sem_1,85.0,73.0,77.0,48.0,40.0,76.0,66.0,66.42857143,465,IDEPT1836,CSE,B
SID20154123,Sem_1,54.0,44.0,,95.0,83.0,79.0,43.0,66.33333333,398,IDEPT8825,CSE,B
SID20164653,Sem_1,76.0,54.0,71.0,,46.0,62.0,89.0,66.33333333,398,IDEPT1836,CSE,B
SID20162685,Sem_1,42.0,79.0,55.0,93.0,64.0,65.0,,66.33333333,398,IDEPT6347,CSE,B
SID20166269,Sem_1,47.0,55.0,47.0,85.0,68.0,68.0,94.0,66.28571429,464,IDEPT8825,CSE,B
SID20141545,Sem_1,50.0,75.0,86.0,92.0,56.0,44.0,61.0,66.28571429,464,IDEPT5109,CSE,B
SID20184554,Sem_1,58.0,82.0,78.0,91.0,51.0,40.0,64.0,66.28571429,464,IDEPT7626,CSE,B
SID20184554,Sem_1,58.0,82.0,78.0,91.0,51.0,40.0,64.0,66.28571429,464,IDEPT7626,CSE,B
SID20183116,Sem_1,44.0,84.0,98.0,49.0,74.0,55.0,60.0,66.28571429,464,IDEPT6347,CSE,B
SID20183116,Sem_1,44.0,84.0,98.0,49.0,74.0,55.0,60.0,66.28571429,464,IDEPT6347,CSE,B
SID20136794,Sem_1,76.0,67.0,58.0,71.0,95.0,47.0,50.0,66.28571429,464,IDEPT1615,CSE,B
SID20167680,Sem_1,,49.0,58.0,96.0,49.0,83.0,62.0,66.16666667,397,IDEPT1096,CSE,B
SID20167680,Sem_1,,49.0,58.0,96.0,49.0,83.0,62.0,66.16666667,397,IDEPT1096,CSE,B
SID20167084,Sem_1,41.0,75.0,93.0,75.0,42.0,55.0,82.0,66.14285714,463,IDEPT6347,CSE,B
SID20167595,Sem_1,99.0,64.0,83.0,80.0,40.0,44.0,53.0,66.14285714,463,IDEPT6347,CSE,B
SID20174338,Sem_1,73.0,91.0,41.0,63.0,59.0,89.0,47.0,66.14285714,463,IDEPT5564,CSE,B
SID20168295,Sem_1,100.0,44.0,45.0,67.0,62.0,76.0,69.0,66.14285714,463,IDEPT8825,CSE,B
SID20186613,Sem_1,62.0,73.0,70.0,83.0,72.0,62.0,41.0,66.14285714,463,IDEPT8825,CSE,B
SID20158694,Sem_1,60.0,69.0,100.0,70.0,48.0,48.0,68.0,66.14285714,463,IDEPT4055,CSE,B
SID20139962,Sem_1,55.0,46.0,88.0,49.0,80.0,54.0,91.0,66.14285714,463,IDEPT6347,CSE,B
SID20141432,Sem_1,52.0,55.0,63.0,100.0,84.0,43.0,66.0,66.14285714,463,IDEPT4055,CSE,B
SID20161905,Sem_1,43.0,72.0,75.0,52.0,67.0,93.0,61.0,66.14285714,463,IDEPT8825,CSE,B
SID20179935,Sem_1,46.0,89.0,76.0,60.0,64.0,84.0,44.0,66.14285714,463,IDEPT5109,CSE,B
SID20162916,Sem_1,42.0,61.0,48.0,88.0,92.0,70.0,62.0,66.14285714,463,IDEPT8825,CSE,B
SID20135406,Sem_1,53.0,50.0,,85.0,97.0,,45.0,66.0,330,IDEPT1836,CSE,B
SID20179850,Sem_1,76.0,73.0,66.0,43.0,83.0,52.0,69.0,66.0,462,IDEPT5564,CSE,B
SID20158611,Sem_1,74.0,54.0,94.0,84.0,47.0,66.0,43.0,66.0,462,IDEPT8825,CSE,B
SID20163582,Sem_1,43.0,53.0,46.0,80.0,47.0,95.0,98.0,66.0,462,IDEPT4055,CSE,B
SID20186109,Sem_1,55.0,88.0,65.0,58.0,54.0,53.0,89.0,66.0,462,IDEPT5564,CSE,B
SID20158469,Sem_1,100.0,83.0,53.0,60.0,53.0,41.0,72.0,66.0,462,IDEPT7626,CSE,B
SID20165949,Sem_1,60.0,100.0,94.0,63.0,62.0,41.0,42.0,66.0,462,IDEPT1615,CSE,B
SID20143847,Sem_1,58.0,54.0,70.0,79.0,45.0,94.0,61.0,65.85714286,461,IDEPT7626,CSE,B
SID20157567,Sem_1,58.0,52.0,46.0,75.0,83.0,68.0,79.0,65.85714286,461,IDEPT5109,CSE,B
SID20132952,Sem_1,48.0,100.0,64.0,100.0,41.0,64.0,44.0,65.85714286,461,IDEPT1677,CSE,B
SID20146496,Sem_1,58.0,45.0,78.0,43.0,73.0,69.0,95.0,65.85714286,461,IDEPT5564,CSE,B
SID20167074,Sem_1,98.0,71.0,77.0,42.0,52.0,80.0,41.0,65.85714286,461,IDEPT1615,CSE,B
SID20157659,Sem_1,97.0,53.0,79.0,63.0,40.0,79.0,50.0,65.85714286,461,IDEPT4055,CSE,B
SID20146891,Sem_1,45.0,58.0,74.0,95.0,42.0,62.0,85.0,65.85714286,461,IDEPT1836,CSE,B
SID20152203,Sem_1,77.0,43.0,93.0,60.0,41.0,69.0,78.0,65.85714286,461,IDEPT5109,CSE,C
SID20154655,Sem_1,58.0,54.0,74.0,73.0,75.0,47.0,80.0,65.85714286,461,IDEPT1836,CSE,C
SID20161289,Sem_1,46.0,60.0,47.0,98.0,75.0,87.0,47.0,65.71428571,460,IDEPT5564,CSE,C
SID20131184,Sem_1,61.0,93.0,95.0,19.0,72.0,59.0,61.0,65.71428571,460,IDEPT5109,CSE,C
SID20182163,Sem_1,64.0,63.0,91.0,90.0,55.0,48.0,49.0,65.71428571,460,IDEPT1836,CSE,C
SID20156306,Sem_1,49.0,61.0,67.0,63.0,72.0,52.0,96.0,65.71428571,460,IDEPT1677,CSE,C
SID20164607,Sem_1,79.0,46.0,80.0,78.0,45.0,89.0,43.0,65.71428571,460,IDEPT4055,CSE,C
SID20167508,Sem_1,99.0,72.0,45.0,87.0,54.0,52.0,51.0,65.71428571,460,IDEPT1677,CSE,C
SID20153163,Sem_1,82.0,42.0,51.0,67.0,66.0,81.0,71.0,65.71428571,460,IDEPT6347,CSE,C
SID20187901,Sem_1,67.0,94.0,85.0,45.0,74.0,51.0,44.0,65.71428571,460,IDEPT1677,CSE,C
SID20151346,Sem_1,92.0,65.0,21.0,44.0,87.0,98.0,53.0,65.71428571,460,IDEPT1615,CSE,C
SID20136677,Sem_1,96.0,65.0,45.0,72.0,45.0,,71.0,65.66666667,394,IDEPT5564,CSE,C
SID20145437,Sem_1,,82.0,44.0,63.0,59.0,69.0,77.0,65.66666667,394,IDEPT1836,CSE,C
SID20154484,Sem_1,79.0,42.0,84.0,54.0,55.0,51.0,94.0,65.57142857,459,IDEPT1677,CSE,C
SID20156533,Sem_1,83.0,51.0,70.0,59.0,74.0,77.0,45.0,65.57142857,459,IDEPT4055,CSE,C
SID20148458,Sem_1,50.0,54.0,93.0,41.0,80.0,69.0,72.0,65.57142857,459,IDEPT8825,CSE,C
SID20133204,Sem_1,41.0,54.0,62.0,74.0,67.0,66.0,95.0,65.57142857,459,IDEPT1836,CSE,C
SID20155555,Sem_1,68.0,66.0,55.0,92.0,44.0,81.0,53.0,65.57142857,459,IDEPT4055,CSE,C
SID20172495,Sem_1,76.0,73.0,81.0,92.0,40.0,41.0,56.0,65.57142857,459,IDEPT1677,CSE,C
SID20144161,Sem_1,45.0,69.0,83.0,,44.0,53.0,99.0,65.5,393,IDEPT5564,CSE,C
SID20174007,Sem_1,79.0,99.0,62.0,58.0,47.0,50.0,63.0,65.42857143,458,IDEPT4308,CSE,C
SID20157178,Sem_1,58.0,67.0,86.0,55.0,48.0,99.0,45.0,65.42857143,458,IDEPT1677,CSE,C
SID20159925,Sem_1,87.0,47.0,58.0,64.0,47.0,75.0,80.0,65.42857143,458,IDEPT7626,CSE,C
SID20172178,Sem_1,71.0,68.0,52.0,54.0,81.0,79.0,53.0,65.42857143,458,IDEPT1615,CSE,C
SID20131208,Sem_1,97.0,70.0,43.0,59.0,56.0,90.0,43.0,65.42857143,458,IDEPT6347,CSE,C
SID20185845,Sem_1,79.0,86.0,40.0,43.0,97.0,64.0,49.0,65.42857143,458,IDEPT8825,CSE,C
SID20157830,Sem_1,89.0,73.0,65.0,40.0,71.0,63.0,56.0,65.28571429,457,IDEPT5109,CSE,C
SID20135559,Sem_1,53.0,82.0,57.0,69.0,60.0,68.0,68.0,65.28571429,457,IDEPT5109,CSE,C
SID20182981,Sem_1,44.0,80.0,85.0,73.0,43.0,51.0,81.0,65.28571429,457,IDEPT5109,CSE,C
SID20142797,Sem_1,62.0,47.0,67.0,99.0,58.0,50.0,74.0,65.28571429,457,IDEPT7626,CSE,C
SID20176695,Sem_1,71.0,96.0,47.0,61.0,77.0,55.0,50.0,65.28571429,457,IDEPT6347,CSE,C
SID20188111,Sem_1,72.0,89.0,47.0,42.0,98.0,45.0,64.0,65.28571429,457,IDEPT6347,CSE,C
SID20174191,Sem_1,24.0,91.0,93.0,59.0,40.0,87.0,63.0,65.28571429,457,IDEPT1615,CSE,C
SID20131303,Sem_1,52.0,67.0,77.0,,64.0,70.0,61.0,65.16666667,391,IDEPT5109,CSE,C
SID20143755,Sem_1,55.0,58.0,50.0,79.0,58.0,92.0,64.0,65.14285714,456,IDEPT1096,CSE,C
SID20179820,Sem_1,54.0,44.0,54.0,45.0,89.0,95.0,75.0,65.14285714,456,IDEPT4308,CSE,C
SID20135166,Sem_1,70.0,55.0,52.0,41.0,47.0,95.0,96.0,65.14285714,456,IDEPT1096,CSE,C
SID20154132,Sem_1,82.0,67.0,86.0,45.0,84.0,52.0,40.0,65.14285714,456,IDEPT1677,CSE,C
SID20154132,Sem_1,82.0,67.0,86.0,45.0,84.0,52.0,40.0,65.14285714,456,IDEPT1677,CSE,C
SID20171804,Sem_1,62.0,44.0,56.0,43.0,97.0,94.0,60.0,65.14285714,456,IDEPT5109,CSE,C
SID20174486,Sem_1,41.0,57.0,54.0,92.0,91.0,78.0,43.0,65.14285714,456,IDEPT5109,CSE,C
SID20167493,Sem_1,91.0,52.0,69.0,91.0,42.0,46.0,64.0,65.0,455,IDEPT1677,CSE,C
SID20134852,Sem_1,98.0,43.0,79.0,43.0,55.0,54.0,83.0,65.0,455,IDEPT5564,CSE,C
SID20175799,Sem_1,45.0,79.0,96.0,50.0,48.0,52.0,85.0,65.0,455,IDEPT1615,CSE,C
SID20171622,Sem_1,67.0,70.0,65.0,87.0,66.0,51.0,49.0,65.0,455,IDEPT1836,CSE,C
SID20175840,Sem_1,81.0,48.0,26.0,42.0,65.0,95.0,98.0,65.0,455,IDEPT1615,CSE,C
SID20184555,Sem_1,99.0,44.0,40.0,46.0,92.0,62.0,72.0,65.0,455,IDEPT5109,CSE,C
SID20184555,Sem_1,99.0,44.0,40.0,46.0,92.0,62.0,72.0,65.0,455,IDEPT5109,CSE,C
SID20177745,Sem_1,48.0,96.0,65.0,73.0,77.0,44.0,52.0,65.0,455,IDEPT5109,CSE,C
SID20137027,Sem_1,69.0,98.0,63.0,52.0,53.0,74.0,46.0,65.0,455,IDEPT8825,CSE,C
SID20189376,Sem_1,61.0,69.0,64.0,66.0,52.0,74.0,69.0,65.0,455,IDEPT4055,CSE,C
SID20178473,Sem_1,73.0,57.0,47.0,64.0,93.0,43.0,78.0,65.0,455,IDEPT1677,CSE,C
SID20181758,Sem_1,96.0,93.0,40.0,62.0,58.0,51.0,55.0,65.0,455,IDEPT8825,CSE,C
SID20154739,Sem_1,54.0,100.0,43.0,87.0,48.0,82.0,40.0,64.85714286,454,IDEPT1615,CSE,C
SID20139106,Sem_1,51.0,70.0,66.0,85.0,72.0,55.0,55.0,64.85714286,454,IDEPT6347,CSE,C
SID20158388,Sem_1,81.0,70.0,43.0,54.0,64.0,74.0,68.0,64.85714286,454,IDEPT7626,CSE,C
SID20154175,Sem_1,84.0,40.0,89.0,43.0,63.0,87.0,48.0,64.85714286,454,IDEPT4308,CSE,C
SID20147762,Sem_1,84.0,52.0,40.0,100.0,58.0,61.0,59.0,64.85714286,454,IDEPT1096,CSE,C
SID20152350,Sem_1,81.0,49.0,73.0,52.0,53.0,73.0,73.0,64.85714286,454,IDEPT6347,CSE,C
SID20188490,Sem_1,52.0,65.0,87.0,66.0,77.0,51.0,56.0,64.85714286,454,IDEPT4308,CSE,C
SID20188307,Sem_1,91.0,42.0,92.0,82.0,47.0,51.0,49.0,64.85714286,454,IDEPT4055,CSE,C
SID20137917,Sem_1,73.0,50.0,79.0,63.0,76.0,55.0,58.0,64.85714286,454,IDEPT1836,CSE,C
SID20173256,Sem_1,93.0,79.0,44.0,63.0,57.0,58.0,60.0,64.85714286,454,IDEPT4308,CSE,C
SID20166791,Sem_1,63.0,72.0,41.0,94.0,68.0,74.0,42.0,64.85714286,454,IDEPT1096,CSE,C
SID20183066,Sem_1,68.0,43.0,96.0,58.0,67.0,42.0,80.0,64.85714286,454,IDEPT7626,CSE,C
SID20133680,Sem_1,74.0,,40.0,93.0,72.0,54.0,56.0,64.83333333,389,IDEPT1615,CSE,C
SID20158793,Sem_1,74.0,86.0,86.0,51.0,52.0,40.0,64.0,64.71428571,453,IDEPT5564,CSE,C
SID20166480,Sem_1,68.0,70.0,86.0,55.0,46.0,81.0,47.0,64.71428571,453,IDEPT1677,CSE,C
SID20187644,Sem_1,69.0,64.0,86.0,78.0,42.0,70.0,44.0,64.71428571,453,IDEPT6347,CSE,C
SID20181888,Sem_1,65.0,48.0,83.0,90.0,91.0,54.0,22.0,64.71428571,453,IDEPT7626,CSE,C
SID20142201,Sem_1,73.0,59.0,48.0,61.0,54.0,,93.0,64.66666667,388,IDEPT4308,CSE,C
SID20176045,Sem_1,26.0,65.0,73.0,87.0,64.0,63.0,74.0,64.57142857,452,IDEPT5564,CSE,C
SID20176045,Sem_1,26.0,65.0,73.0,87.0,64.0,63.0,74.0,64.57142857,452,IDEPT5564,CSE,C
SID20182587,Sem_1,64.0,61.0,62.0,49.0,66.0,66.0,84.0,64.57142857,452,IDEPT5564,CSE,C
SID20178998,Sem_1,54.0,68.0,60.0,96.0,50.0,62.0,62.0,64.57142857,452,IDEPT5564,CSE,C
SID20143766,Sem_1,43.0,58.0,95.0,40.0,88.0,51.0,77.0,64.57142857,452,IDEPT1615,CSE,C
SID20153420,Sem_1,83.0,74.0,64.0,40.0,65.0,59.0,67.0,64.57142857,452,IDEPT8825,CSE,C
SID20158585,Sem_1,,48.0,52.0,57.0,91.0,62.0,77.0,64.5,387,IDEPT4055,CSE,C
SID20179878,Sem_1,97.0,58.0,96.0,51.0,19.0,74.0,56.0,64.42857143,451,IDEPT4308,CSE,C
SID20159201,Sem_1,44.0,58.0,55.0,69.0,78.0,95.0,52.0,64.42857143,451,IDEPT1096,CSE,C
SID20151584,Sem_1,45.0,40.0,50.0,93.0,62.0,91.0,70.0,64.42857143,451,IDEPT1096,CSE,C
SID20143463,Sem_1,98.0,48.0,47.0,54.0,82.0,57.0,,64.33333333,386,IDEPT5109,CSE,C
SID20165960,Sem_1,52.0,,87.0,71.0,41.0,61.0,74.0,64.33333333,386,IDEPT5109,CSE,C
SID20166182,Sem_1,75.0,55.0,82.0,45.0,52.0,77.0,64.0,64.28571429,450,IDEPT4308,CSE,C
SID20189074,Sem_1,41.0,67.0,79.0,71.0,87.0,57.0,48.0,64.28571429,450,IDEPT6347,CSE,C
SID20143727,Sem_1,73.0,90.0,53.0,79.0,56.0,48.0,51.0,64.28571429,450,IDEPT4308,CSE,C
SID20169458,Sem_1,74.0,90.0,86.0,40.0,60.0,60.0,40.0,64.28571429,450,IDEPT5564,CSE,C
SID20147222,Sem_1,50.0,70.0,95.0,49.0,47.0,52.0,87.0,64.28571429,450,IDEPT1096,CSE,C
SID20187574,Sem_1,58.0,58.0,51.0,64.0,75.0,48.0,96.0,64.28571429,450,IDEPT7626,CSE,C
SID20177676,Sem_1,76.0,47.0,45.0,70.0,61.0,89.0,62.0,64.28571429,450,IDEPT5109,CSE,C
SID20132735,Sem_1,66.0,52.0,86.0,64.0,55.0,45.0,82.0,64.28571429,450,IDEPT1677,CSE,C
SID20134538,Sem_1,50.0,52.0,72.0,51.0,84.0,73.0,68.0,64.28571429,450,IDEPT1615,CSE,C
SID20166532,Sem_1,85.0,57.0,49.0,91.0,47.0,26.0,94.0,64.14285714,449,IDEPT8825,CSE,C
SID20166532,Sem_1,85.0,57.0,49.0,91.0,47.0,26.0,94.0,64.14285714,449,IDEPT8825,CSE,C
SID20166532,Sem_1,85.0,57.0,49.0,91.0,47.0,26.0,94.0,64.14285714,449,IDEPT8825,CSE,C
SID20136620,Sem_1,41.0,61.0,77.0,67.0,55.0,80.0,68.0,64.14285714,449,IDEPT1615,CSE,C
SID20146895,Sem_1,62.0,72.0,49.0,79.0,62.0,61.0,64.0,64.14285714,449,IDEPT1096,CSE,C
SID20157535,Sem_1,75.0,65.0,66.0,52.0,67.0,76.0,47.0,64.0,448,IDEPT4055,CSE,C
SID20159508,Sem_1,48.0,76.0,62.0,52.0,63.0,71.0,76.0,64.0,448,IDEPT8825,CSE,C
SID20131506,Sem_1,80.0,76.0,69.0,57.0,66.0,48.0,52.0,64.0,448,IDEPT7626,CSE,C
SID20137649,Sem_1,75.0,52.0,53.0,40.0,100.0,65.0,63.0,64.0,448,IDEPT4308,CSE,C
SID20173718,Sem_1,85.0,43.0,85.0,49.0,86.0,42.0,58.0,64.0,448,IDEPT6347,CSE,C
SID20165743,Sem_1,68.0,85.0,54.0,59.0,46.0,86.0,50.0,64.0,448,IDEPT6347,CSE,C
SID20143287,Sem_1,52.0,70.0,61.0,62.0,91.0,66.0,46.0,64.0,448,IDEPT7626,CSE,C
SID20135793,Sem_1,42.0,46.0,54.0,92.0,54.0,91.0,68.0,63.85714286,447,IDEPT6347,CSE,C
SID20142532,Sem_1,43.0,68.0,46.0,69.0,94.0,65.0,62.0,63.85714286,447,IDEPT1096,CSE,C
SID20185003,Sem_1,59.0,58.0,67.0,52.0,93.0,71.0,47.0,63.85714286,447,IDEPT5564,CSE,C
SID20155315,Sem_1,77.0,49.0,66.0,58.0,82.0,62.0,53.0,63.85714286,447,IDEPT1096,CSE,C
SID20139148,Sem_1,40.0,52.0,87.0,61.0,92.0,43.0,72.0,63.85714286,447,IDEPT6347,CSE,C
SID20156566,Sem_1,51.0,41.0,74.0,84.0,79.0,55.0,63.0,63.85714286,447,IDEPT5109,CSE,C
SID20161570,Sem_1,68.0,50.0,95.0,,42.0,88.0,40.0,63.83333333,383,IDEPT1677,CSE,C
SID20183833,Sem_1,57.0,,93.0,51.0,67.0,,51.0,63.8,319,IDEPT5109,CSE,C
SID20166756,Sem_1,55.0,82.0,67.0,72.0,41.0,57.0,72.0,63.71428571,446,IDEPT5564,CSE,C
SID20139169,Sem_1,49.0,61.0,65.0,73.0,76.0,55.0,67.0,63.71428571,446,IDEPT4308,CSE,C
SID20172277,Sem_1,49.0,68.0,91.0,70.0,43.0,82.0,43.0,63.71428571,446,IDEPT5564,CSE,C
SID20161293,Sem_1,46.0,100.0,48.0,69.0,51.0,87.0,45.0,63.71428571,446,IDEPT5109,CSE,C
SID20139856,Sem_1,70.0,48.0,45.0,48.0,75.0,74.0,86.0,63.71428571,446,IDEPT6347,CSE,C
SID20169450,Sem_1,41.0,97.0,46.0,94.0,47.0,44.0,77.0,63.71428571,446,IDEPT1615,CSE,C
SID20172419,Sem_1,95.0,46.0,44.0,91.0,50.0,59.0,60.0,63.57142857,445,IDEPT5109,CSE,C
SID20138315,Sem_1,64.0,81.0,58.0,44.0,62.0,51.0,85.0,63.57142857,445,IDEPT7626,CSE,C
SID20177787,Sem_1,54.0,85.0,61.0,87.0,49.0,60.0,49.0,63.57142857,445,IDEPT4055,CSE,C
SID20189890,Sem_1,91.0,57.0,61.0,41.0,49.0,53.0,93.0,63.57142857,445,IDEPT1615,CSE,C
SID20157709,Sem_1,48.0,60.0,97.0,62.0,44.0,76.0,58.0,63.57142857,445,IDEPT1836,CSE,C
SID20187692,Sem_1,79.0,71.0,84.0,66.0,58.0,43.0,44.0,63.57142857,445,IDEPT1677,CSE,C
SID20169251,Sem_1,56.0,72.0,78.0,54.0,94.0,50.0,40.0,63.42857143,444,IDEPT4055,CSE,C
SID20131983,Sem_1,60.0,76.0,90.0,56.0,41.0,57.0,64.0,63.42857143,444,IDEPT1677,CSE,C
SID20171587,Sem_1,88.0,46.0,68.0,60.0,77.0,48.0,57.0,63.42857143,444,IDEPT4308,CSE,C
SID20187700,Sem_1,87.0,96.0,67.0,47.0,46.0,59.0,42.0,63.42857143,444,IDEPT1096,CSE,C
SID20133306,Sem_1,58.0,54.0,,71.0,76.0,67.0,54.0,63.33333333,380,IDEPT5109,CSE,C
SID20131800,Sem_1,59.0,80.0,,45.0,72.0,81.0,43.0,63.33333333,380,IDEPT6347,CSE,C
SID20147646,Sem_1,61.0,58.0,65.0,50.0,57.0,86.0,66.0,63.28571429,443,IDEPT4055,CSE,C
SID20133822,Sem_1,58.0,51.0,46.0,94.0,78.0,72.0,44.0,63.28571429,443,IDEPT1677,CSE,C
SID20147417,Sem_1,67.0,57.0,69.0,68.0,72.0,29.0,81.0,63.28571429,443,IDEPT1836,CSE,C
SID20178836,Sem_1,58.0,67.0,48.0,62.0,44.0,75.0,89.0,63.28571429,443,IDEPT1615,CSE,C
SID20137911,Sem_1,45.0,54.0,82.0,54.0,100.0,46.0,62.0,63.28571429,443,IDEPT6347,CSE,C
SID20143129,Sem_1,78.0,42.0,53.0,87.0,45.0,59.0,79.0,63.28571429,443,IDEPT1836,CSE,C
SID20145746,Sem_1,75.0,56.0,60.0,81.0,41.0,64.0,65.0,63.14285714,442,IDEPT1096,CSE,C
SID20152611,Sem_1,60.0,97.0,46.0,63.0,45.0,50.0,81.0,63.14285714,442,IDEPT1096,CSE,C
SID20152718,Sem_1,41.0,50.0,100.0,98.0,49.0,53.0,51.0,63.14285714,442,IDEPT1677,CSE,C
SID20174460,Sem_1,87.0,62.0,48.0,47.0,52.0,50.0,95.0,63.0,441,IDEPT5564,CSE,C
SID20184316,Sem_1,49.0,94.0,40.0,77.0,47.0,79.0,55.0,63.0,441,IDEPT4055,CSE,C
SID20139456,Sem_1,70.0,,52.0,52.0,77.0,69.0,58.0,63.0,378,IDEPT4308,CSE,C
SID20138433,Sem_1,47.0,73.0,52.0,82.0,75.0,51.0,60.0,62.85714286,440,IDEPT1677,CSE,C
SID20134581,Sem_1,43.0,61.0,85.0,75.0,49.0,62.0,65.0,62.85714286,440,IDEPT8825,CSE,C
SID20159589,Sem_1,52.0,70.0,50.0,57.0,65.0,88.0,58.0,62.85714286,440,IDEPT4308,CSE,C
SID20165054,Sem_1,43.0,44.0,75.0,68.0,61.0,56.0,93.0,62.85714286,440,IDEPT1615,CSE,C
SID20181920,Sem_1,43.0,75.0,63.0,75.0,53.0,69.0,62.0,62.85714286,440,IDEPT7626,CSE,C
SID20183893,Sem_1,75.0,43.0,87.0,45.0,66.0,44.0,80.0,62.85714286,440,IDEPT1677,CSE,C
SID20169901,Sem_1,67.0,56.0,50.0,52.0,54.0,67.0,94.0,62.85714286,440,IDEPT1096,CSE,C
SID20146800,Sem_1,78.0,42.0,59.0,53.0,76.0,51.0,81.0,62.85714286,440,IDEPT1096,CSE,C
SID20143911,Sem_1,40.0,82.0,59.0,81.0,69.0,54.0,55.0,62.85714286,440,IDEPT7626,CSE,C
SID20134138,Sem_1,59.0,61.0,40.0,57.0,44.0,99.0,80.0,62.85714286,440,IDEPT5109,CSE,C
SID20182493,Sem_1,76.0,51.0,45.0,50.0,90.0,46.0,82.0,62.85714286,440,IDEPT5109,CSE,C
SID20154653,Sem_1,70.0,41.0,66.0,55.0,73.0,,72.0,62.83333333,377,IDEPT1615,CSE,C
SID20149093,Sem_1,48.0,99.0,59.0,75.0,68.0,45.0,45.0,62.71428571,439,IDEPT4055,CSE,C
SID20156222,Sem_1,43.0,69.0,100.0,69.0,49.0,46.0,63.0,62.71428571,439,IDEPT8825,CSE,C
SID20173967,Sem_1,80.0,42.0,90.0,71.0,58.0,52.0,46.0,62.71428571,439,IDEPT8825,CSE,C
SID20188500,Sem_1,52.0,46.0,78.0,46.0,49.0,67.0,100.0,62.57142857,438,IDEPT5109,CSE,C
SID20176303,Sem_1,54.0,62.0,83.0,53.0,72.0,66.0,48.0,62.57142857,438,IDEPT5564,CSE,C
SID20133843,Sem_1,95.0,61.0,48.0,60.0,27.0,100.0,47.0,62.57142857,438,IDEPT1836,CSE,C
SID20172011,Sem_1,91.0,72.0,82.0,86.0,45.0,19.0,43.0,62.57142857,438,IDEPT8825,CSE,C
SID20171772,Sem_1,47.0,79.0,76.0,73.0,58.0,60.0,45.0,62.57142857,438,IDEPT4308,CSE,C
SID20149269,Sem_1,79.0,40.0,93.0,83.0,51.0,46.0,46.0,62.57142857,438,IDEPT4308,CSE,C
SID20163082,Sem_1,60.0,62.0,48.0,54.0,82.0,51.0,80.0,62.42857143,437,IDEPT1836,CSE,C
SID20152322,Sem_1,63.0,,40.0,67.0,51.0,72.0,81.0,62.33333333,374,IDEPT6347,CSE,C
SID20149733,Sem_1,93.0,54.0,21.0,69.0,67.0,53.0,79.0,62.28571429,436,IDEPT1836,CSE,C
SID20186409,Sem_1,77.0,61.0,52.0,46.0,88.0,47.0,65.0,62.28571429,436,IDEPT4308,CSE,C
SID20138486,Sem_1,46.0,51.0,98.0,50.0,56.0,81.0,54.0,62.28571429,436,IDEPT1615,CSE,C
SID20148525,Sem_1,91.0,64.0,45.0,46.0,53.0,78.0,59.0,62.28571429,436,IDEPT6347,CSE,C
SID20189251,Sem_1,74.0,69.0,62.0,68.0,78.0,42.0,42.0,62.14285714,435,IDEPT7626,CSE,C
SID20154026,Sem_1,68.0,63.0,40.0,74.0,47.0,49.0,94.0,62.14285714,435,IDEPT1677,CSE,C
SID20134602,Sem_1,45.0,64.0,56.0,44.0,81.0,91.0,54.0,62.14285714,435,IDEPT1096,CSE,C
SID20134602,Sem_1,45.0,64.0,56.0,44.0,81.0,91.0,54.0,62.14285714,435,IDEPT1096,CSE,C
SID20166606,Sem_1,50.0,86.0,68.0,88.0,74.0,29.0,40.0,62.14285714,435,IDEPT5109,CSE,C
SID20153506,Sem_1,50.0,65.0,40.0,87.0,40.0,92.0,61.0,62.14285714,435,IDEPT6347,CSE,C
SID20162488,Sem_1,46.0,55.0,94.0,49.0,65.0,51.0,75.0,62.14285714,435,IDEPT5564,CSE,C
SID20162488,Sem_1,46.0,55.0,94.0,49.0,65.0,51.0,75.0,62.14285714,435,IDEPT5564,CSE,C
SID20163355,Sem_1,44.0,90.0,69.0,40.0,29.0,78.0,85.0,62.14285714,435,IDEPT1836,CSE,C
SID20165522,Sem_1,65.0,43.0,74.0,83.0,40.0,59.0,70.0,62.0,434,IDEPT1677,CSE,C
SID20133486,Sem_1,53.0,88.0,80.0,44.0,27.0,95.0,47.0,62.0,434,IDEPT1615,CSE,C
SID20133486,Sem_1,53.0,88.0,80.0,44.0,27.0,95.0,47.0,62.0,434,IDEPT1615,CSE,C
SID20154515,Sem_1,59.0,57.0,55.0,76.0,73.0,71.0,42.0,61.85714286,433,IDEPT7626,CSE,C
SID20145606,Sem_1,65.0,59.0,42.0,57.0,88.0,77.0,45.0,61.85714286,433,IDEPT1677,CSE,C
SID20187172,Sem_1,69.0,24.0,71.0,66.0,69.0,61.0,73.0,61.85714286,433,IDEPT7626,CSE,C
SID20166727,Sem_1,79.0,59.0,87.0,,69.0,56.0,21.0,61.83333333,371,IDEPT8825,CSE,C
SID20175891,Sem_1,,64.0,56.0,44.0,81.0,76.0,50.0,61.83333333,371,IDEPT4308,CSE,C
SID20146748,Sem_1,93.0,77.0,53.0,60.0,49.0,59.0,41.0,61.71428571,432,IDEPT8825,CSE,C
SID20151594,Sem_1,81.0,40.0,67.0,54.0,64.0,76.0,50.0,61.71428571,432,IDEPT7626,CSE,C
SID20163612,Sem_1,57.0,82.0,56.0,53.0,51.0,86.0,47.0,61.71428571,432,IDEPT8825,CSE,C
SID20187674,Sem_1,80.0,44.0,58.0,65.0,50.0,93.0,42.0,61.71428571,432,IDEPT4055,CSE,C
SID20162415,Sem_1,40.0,86.0,61.0,58.0,49.0,64.0,73.0,61.57142857,431,IDEPT4308,CSE,C
SID20153522,Sem_1,79.0,40.0,95.0,59.0,51.0,53.0,54.0,61.57142857,431,IDEPT1836,CSE,C
SID20157683,Sem_1,56.0,76.0,63.0,63.0,40.0,50.0,83.0,61.57142857,431,IDEPT4055,CSE,C
SID20139964,Sem_1,45.0,74.0,57.0,41.0,94.0,95.0,25.0,61.57142857,431,IDEPT1836,CSE,C
SID20177803,Sem_1,57.0,57.0,72.0,59.0,48.0,62.0,76.0,61.57142857,431,IDEPT4308,CSE,C
SID20156396,Sem_1,69.0,100.0,41.0,81.0,46.0,40.0,53.0,61.42857143,430,IDEPT6347,CSE,C
SID20156698,Sem_1,65.0,53.0,88.0,45.0,43.0,61.0,75.0,61.42857143,430,IDEPT1615,CSE,C
SID20187807,Sem_1,58.0,60.0,47.0,65.0,43.0,66.0,91.0,61.42857143,430,IDEPT4055,CSE,C
SID20181882,Sem_1,66.0,91.0,23.0,51.0,48.0,79.0,72.0,61.42857143,430,IDEPT6347,CSE,C
SID20158796,Sem_1,98.0,69.0,53.0,55.0,,50.0,43.0,61.33333333,368,IDEPT5564,CSE,C
SID20173995,Sem_1,73.0,80.0,49.0,54.0,55.0,49.0,69.0,61.28571429,429,IDEPT6347,CSE,C
SID20174696,Sem_1,66.0,66.0,46.0,44.0,84.0,45.0,78.0,61.28571429,429,IDEPT4055,CSE,C
SID20157919,Sem_1,46.0,47.0,67.0,81.0,83.0,53.0,52.0,61.28571429,429,IDEPT1677,CSE,C
SID20143185,Sem_1,61.0,58.0,69.0,41.0,59.0,79.0,62.0,61.28571429,429,IDEPT4308,CSE,C
SID20183143,Sem_1,56.0,61.0,26.0,70.0,73.0,61.0,82.0,61.28571429,429,IDEPT1096,CSE,C
SID20164631,Sem_1,92.0,58.0,63.0,55.0,53.0,66.0,41.0,61.14285714,428,IDEPT1677,CSE,C
SID20161812,Sem_1,68.0,66.0,65.0,47.0,51.0,48.0,83.0,61.14285714,428,IDEPT6347,CSE,C
SID20171153,Sem_1,45.0,58.0,60.0,83.0,68.0,56.0,58.0,61.14285714,428,IDEPT7626,CSE,C
SID20145529,Sem_1,45.0,77.0,70.0,52.0,97.0,58.0,29.0,61.14285714,428,IDEPT5109,CSE,C
SID20154579,Sem_1,44.0,94.0,44.0,53.0,60.0,47.0,85.0,61.0,427,IDEPT5109,CSE,C
SID20134645,Sem_1,91.0,57.0,86.0,54.0,69.0,45.0,25.0,61.0,427,IDEPT1677,CSE,C
SID20141153,Sem_1,54.0,45.0,96.0,63.0,43.0,52.0,73.0,60.85714286,426,IDEPT1677,CSE,C
SID20133560,Sem_1,26.0,75.0,74.0,44.0,89.0,78.0,40.0,60.85714286,426,IDEPT1836,CSE,C
SID20135873,Sem_1,92.0,77.0,42.0,42.0,72.0,53.0,48.0,60.85714286,426,IDEPT5564,CSE,C
SID20145158,Sem_1,44.0,84.0,50.0,49.0,55.0,53.0,90.0,60.71428571,425,IDEPT4055,CSE,C
SID20134275,Sem_1,71.0,56.0,86.0,62.0,67.0,43.0,40.0,60.71428571,425,IDEPT1615,CSE,C
SID20183274,Sem_1,85.0,66.0,48.0,83.0,52.0,46.0,45.0,60.71428571,425,IDEPT1677,CSE,C
SID20144639,Sem_1,69.0,51.0,73.0,24.0,82.0,79.0,47.0,60.71428571,425,IDEPT1615,CSE,C
SID20168477,Sem_1,57.0,59.0,67.0,59.0,62.0,67.0,54.0,60.71428571,425,IDEPT1677,CSE,C
SID20186575,Sem_1,63.0,52.0,44.0,53.0,,87.0,65.0,60.66666667,364,IDEPT7626,CSE,C
SID20138452,Sem_1,46.0,66.0,63.0,55.0,86.0,,48.0,60.66666667,364,IDEPT1677,CSE,C
SID20186010,Sem_1,,73.0,66.0,70.0,66.0,45.0,44.0,60.66666667,364,IDEPT5564,CSE,C
SID20156242,Sem_1,50.0,57.0,98.0,69.0,60.0,46.0,44.0,60.57142857,424,IDEPT7626,CSE,C
SID20153274,Sem_1,71.0,96.0,73.0,41.0,49.0,50.0,44.0,60.57142857,424,IDEPT5109,CSE,C
SID20153337,Sem_1,69.0,48.0,75.0,46.0,59.0,51.0,76.0,60.57142857,424,IDEPT5564,CSE,C
SID20136298,Sem_1,44.0,49.0,89.0,56.0,45.0,91.0,50.0,60.57142857,424,IDEPT5109,CSE,C
SID20151485,Sem_1,52.0,50.0,95.0,51.0,59.0,64.0,52.0,60.42857143,423,IDEPT1096,CSE,C
SID20158307,Sem_1,67.0,57.0,95.0,46.0,43.0,45.0,70.0,60.42857143,423,IDEPT4055,CSE,C
SID20139297,Sem_1,45.0,88.0,57.0,83.0,55.0,49.0,46.0,60.42857143,423,IDEPT6347,CSE,C
SID20179288,Sem_1,67.0,47.0,70.0,55.0,57.0,59.0,68.0,60.42857143,423,IDEPT1836,CSE,C
SID20151485,Sem_1,52.0,50.0,95.0,51.0,59.0,64.0,52.0,60.42857143,423,IDEPT1096,CSE,C
SID20166121,Sem_1,76.0,58.0,78.0,55.0,,54.0,41.0,60.33333333,362,IDEPT1096,CSE,C
SID20176652,Sem_1,43.0,71.0,58.0,80.0,59.0,44.0,67.0,60.28571429,422,IDEPT7626,CSE,C
SID20183343,Sem_1,57.0,74.0,80.0,42.0,41.0,70.0,58.0,60.28571429,422,IDEPT7626,CSE,C
SID20181117,Sem_1,91.0,66.0,41.0,67.0,48.0,56.0,53.0,60.28571429,422,IDEPT4055,CSE,C
SID20171838,Sem_1,68.0,58.0,44.0,63.0,82.0,46.0,61.0,60.28571429,422,IDEPT5564,CSE,C
SID20181898,Sem_1,83.0,66.0,63.0,19.0,59.0,90.0,42.0,60.28571429,422,IDEPT5564,CSE,C
SID20137032,Sem_1,91.0,89.0,46.0,41.0,54.0,59.0,42.0,60.28571429,422,IDEPT8825,CSE,C
SID20182584,Sem_1,45.0,55.0,98.0,50.0,48.0,73.0,53.0,60.28571429,422,IDEPT5564,CSE,C
SID20182761,Sem_1,93.0,47.0,66.0,47.0,45.0,47.0,76.0,60.14285714,421,IDEPT1615,CSE,C
SID20176946,Sem_1,78.0,42.0,62.0,42.0,57.0,83.0,57.0,60.14285714,421,IDEPT7626,CSE,C
SID20147770,Sem_1,44.0,93.0,43.0,59.0,52.0,85.0,45.0,60.14285714,421,IDEPT4308,CSE,C
SID20187084,Sem_1,41.0,57.0,66.0,54.0,58.0,69.0,76.0,60.14285714,421,IDEPT4308,CSE,C
SID20138213,Sem_1,69.0,47.0,61.0,44.0,84.0,60.0,56.0,60.14285714,421,IDEPT5564,CSE,C
SID20152624,Sem_1,47.0,67.0,76.0,46.0,47.0,86.0,52.0,60.14285714,421,IDEPT8825,CSE,C
SID20152176,Sem_1,49.0,53.0,80.0,23.0,56.0,69.0,90.0,60.0,420,IDEPT1677,CSE,C
SID20183587,Sem_1,81.0,70.0,49.0,62.0,20.0,95.0,43.0,60.0,420,IDEPT8825,CSE,C
SID20155774,Sem_1,78.0,63.0,62.0,48.0,49.0,67.0,53.0,60.0,420,IDEPT1096,CSE,C
SID20136060,Sem_1,40.0,62.0,49.0,49.0,100.0,62.0,56.0,59.71428571,418,IDEPT6347,CSE,C
SID20161666,Sem_1,49.0,62.0,56.0,86.0,62.0,58.0,44.0,59.57142857,417,IDEPT4308,CSE,C
SID20161666,Sem_1,49.0,62.0,56.0,86.0,62.0,58.0,44.0,59.57142857,417,IDEPT4308,CSE,C
SID20143996,Sem_1,40.0,46.0,53.0,95.0,62.0,46.0,75.0,59.57142857,417,IDEPT6347,CSE,C
SID20181909,Sem_1,69.0,62.0,55.0,45.0,59.0,65.0,60.0,59.28571429,415,IDEPT5109,CSE,C
SID20141162,Sem_1,46.0,55.0,44.0,40.0,,93.0,77.0,59.16666667,355,IDEPT4055,CSE,C
SID20154393,Sem_1,60.0,52.0,43.0,88.0,52.0,53.0,66.0,59.14285714,414,IDEPT1836,CSE,C
SID20145288,Sem_1,83.0,64.0,40.0,54.0,23.0,61.0,89.0,59.14285714,414,IDEPT1096,CSE,C
SID20166546,Sem_1,43.0,59.0,100.0,41.0,45.0,55.0,71.0,59.14285714,414,IDEPT5564,CSE,C
SID20164851,Sem_1,57.0,45.0,49.0,74.0,67.0,73.0,49.0,59.14285714,414,IDEPT1836,CSE,C
SID20133184,Sem_1,53.0,73.0,69.0,45.0,88.0,43.0,42.0,59.0,413,IDEPT7626,CSE,C
SID20151698,Sem_1,68.0,62.0,81.0,40.0,57.0,51.0,54.0,59.0,413,IDEPT5109,CSE,C
SID20184528,Sem_1,64.0,40.0,78.0,72.0,43.0,53.0,63.0,59.0,413,IDEPT6347,CSE,C
SID20162274,Sem_1,62.0,45.0,67.0,60.0,64.0,67.0,48.0,59.0,413,IDEPT7626,CSE,C
SID20173526,Sem_1,60.0,51.0,26.0,49.0,85.0,95.0,46.0,58.85714286,412,IDEPT1677,CSE,C
SID20183763,Sem_1,53.0,65.0,40.0,59.0,76.0,67.0,51.0,58.71428571,411,IDEPT8825,CSE,C
SID20183763,Sem_1,53.0,65.0,40.0,59.0,76.0,67.0,51.0,58.71428571,411,IDEPT8825,CSE,C
SID20164779,Sem_1,57.0,68.0,51.0,61.0,40.0,43.0,91.0,58.71428571,411,IDEPT5564,CSE,C
SID20171385,Sem_1,51.0,60.0,,40.0,40.0,90.0,71.0,58.66666667,352,IDEPT6347,CSE,C
SID20157805,Sem_1,96.0,71.0,57.0,59.0,41.0,41.0,45.0,58.57142857,410,IDEPT5109,CSE,C
SID20152753,Sem_1,64.0,51.0,42.0,45.0,65.0,99.0,44.0,58.57142857,410,IDEPT1096,CSE,C
SID20176664,Sem_1,64.0,52.0,87.0,49.0,56.0,40.0,61.0,58.42857143,409,IDEPT6347,CSE,C
SID20147720,Sem_1,54.0,43.0,46.0,69.0,69.0,66.0,62.0,58.42857143,409,IDEPT8825,CSE,C
SID20131998,Sem_1,54.0,85.0,99.0,40.0,58.0,46.0,27.0,58.42857143,409,IDEPT8825,CSE,C
SID20154342,Sem_1,49.0,60.0,60.0,67.0,56.0,42.0,74.0,58.28571429,408,IDEPT8825,CSE,C
SID20186760,Sem_1,48.0,41.0,55.0,97.0,64.0,56.0,47.0,58.28571429,408,IDEPT1677,CSE,C
SID20175732,Sem_1,46.0,87.0,58.0,45.0,47.0,62.0,62.0,58.14285714,407,IDEPT1615,CSE,C
SID20146300,Sem_1,69.0,40.0,61.0,71.0,40.0,64.0,62.0,58.14285714,407,IDEPT1096,CSE,C
SID20189087,Sem_1,49.0,,54.0,45.0,40.0,64.0,96.0,58.0,348,IDEPT5109,CSE,C
SID20145982,Sem_1,51.0,53.0,40.0,58.0,71.0,82.0,51.0,58.0,406,IDEPT1615,CSE,C
SID20168373,Sem_1,50.0,51.0,74.0,74.0,62.0,43.0,52.0,58.0,406,IDEPT4055,CSE,C
SID20172391,Sem_1,43.0,70.0,90.0,83.0,,40.0,22.0,58.0,348,IDEPT1677,CSE,C
SID20156742,Sem_1,57.0,41.0,,65.0,60.0,40.0,85.0,58.0,348,IDEPT5109,CSE,C
SID20144128,Sem_1,50.0,61.0,63.0,46.0,60.0,65.0,59.0,57.71428571,404,IDEPT5564,CSE,C
SID20142948,Sem_1,63.0,45.0,55.0,46.0,43.0,95.0,57.0,57.71428571,404,IDEPT1677,CSE,C
SID20144831,Sem_1,40.0,56.0,59.0,54.0,52.0,56.0,86.0,57.57142857,403,IDEPT7626,CSE,C
SID20162825,Sem_1,42.0,82.0,58.0,65.0,64.0,67.0,25.0,57.57142857,403,IDEPT7626,CSE,C
SID20135675,Sem_1,66.0,73.0,48.0,47.0,69.0,46.0,54.0,57.57142857,403,IDEPT4055,CSE,C
SID20189169,Sem_1,50.0,90.0,45.0,52.0,54.0,47.0,64.0,57.42857143,402,IDEPT1836,CSE,C
SID20132579,Sem_1,41.0,46.0,45.0,29.0,77.0,92.0,72.0,57.42857143,402,IDEPT1677,CSE,C
SID20165128,Sem_1,47.0,43.0,80.0,58.0,48.0,42.0,83.0,57.28571429,401,IDEPT1677,CSE,C
SID20182958,Sem_1,42.0,24.0,93.0,69.0,43.0,63.0,67.0,57.28571429,401,IDEPT4308,CSE,C
SID20134792,Sem_1,74.0,44.0,54.0,45.0,62.0,72.0,50.0,57.28571429,401,IDEPT8825,CSE,C
SID20145417,Sem_1,60.0,96.0,22.0,22.0,82.0,60.0,59.0,57.28571429,401,IDEPT6347,CSE,C
SID20138150,Sem_1,62.0,49.0,64.0,71.0,52.0,46.0,55.0,57.0,399,IDEPT1096,CSE,C
SID20157835,Sem_1,56.0,66.0,69.0,45.0,48.0,66.0,49.0,57.0,399,IDEPT1615,CSE,C
SID20157835,Sem_1,56.0,66.0,69.0,45.0,48.0,66.0,49.0,57.0,399,IDEPT1615,CSE,C
SID20183262,Sem_1,79.0,46.0,43.0,74.0,50.0,81.0,25.0,56.85714286,398,IDEPT4308,CSE,C
SID20177275,Sem_1,62.0,67.0,60.0,50.0,53.0,59.0,47.0,56.85714286,398,IDEPT8825,CSE,C
SID20179119,Sem_1,41.0,68.0,50.0,47.0,81.0,55.0,56.0,56.85714286,398,IDEPT6347,CSE,C
SID20166806,Sem_1,46.0,43.0,76.0,65.0,55.0,44.0,68.0,56.71428571,397,IDEPT1836,CSE,C
SID20186610,Sem_1,44.0,48.0,41.0,72.0,74.0,60.0,58.0,56.71428571,397,IDEPT5109,CSE,C
SID20178185,Sem_1,70.0,63.0,63.0,,51.0,53.0,40.0,56.66666667,340,IDEPT4308,CSE,C
SID20132371,Sem_1,58.0,89.0,88.0,42.0,43.0,51.0,25.0,56.57142857,396,IDEPT6347,CSE,C
SID20179287,Sem_1,98.0,56.0,59.0,45.0,62.0,48.0,28.0,56.57142857,396,IDEPT4055,CSE,C
SID20181331,Sem_1,63.0,58.0,40.0,65.0,68.0,42.0,59.0,56.42857143,395,IDEPT4055,CSE,C
SID20149500,Sem_1,45.0,42.0,61.0,49.0,40.0,100.0,57.0,56.28571429,394,IDEPT4308,CSE,C
SID20149500,Sem_1,45.0,42.0,61.0,49.0,40.0,100.0,57.0,56.28571429,394,IDEPT4308,CSE,C
SID20147221,Sem_1,62.0,44.0,43.0,57.0,79.0,42.0,66.0,56.14285714,393,IDEPT4055,CSE,C
SID20132939,Sem_1,55.0,73.0,46.0,67.0,44.0,64.0,44.0,56.14285714,393,IDEPT4308,CSE,C
SID20137809,Sem_1,51.0,86.0,40.0,46.0,81.0,42.0,46.0,56.0,392,IDEPT5109,CSE,C
SID20152812,Sem_1,41.0,67.0,62.0,55.0,57.0,48.0,62.0,56.0,392,IDEPT1836,CSE,C
SID20145917,Sem_1,46.0,84.0,46.0,43.0,43.0,53.0,77.0,56.0,392,IDEPT1677,CSE,C
SID20149395,Sem_1,42.0,43.0,42.0,63.0,87.0,72.0,42.0,55.85714286,391,IDEPT1096,CSE,C
SID20135859,Sem_1,44.0,69.0,43.0,72.0,50.0,56.0,56.0,55.71428571,390,IDEPT1096,CSE,C
SID20181233,Sem_1,41.0,41.0,55.0,42.0,41.0,99.0,70.0,55.57142857,389,IDEPT4055,CSE,C
SID20137236,Sem_1,73.0,28.0,72.0,44.0,62.0,49.0,60.0,55.42857143,388,IDEPT1677,CSE,C
SID20188258,Sem_1,44.0,81.0,49.0,69.0,63.0,58.0,24.0,55.42857143,388,IDEPT8825,CSE,C
SID20147161,Sem_1,66.0,53.0,40.0,56.0,,77.0,40.0,55.33333333,332,IDEPT4308,CSE,C
SID20172872,Sem_1,51.0,43.0,54.0,69.0,62.0,59.0,49.0,55.28571429,387,IDEPT5109,CSE,C
SID20164934,Sem_1,99.0,53.0,53.0,49.0,59.0,28.0,44.0,55.0,385,IDEPT5564,CSE,C
SID20189106,Sem_1,60.0,41.0,45.0,64.0,61.0,72.0,40.0,54.71428571,383,IDEPT4308,CSE,C
SID20179028,Sem_1,88.0,50.0,27.0,66.0,46.0,81.0,23.0,54.42857143,381,IDEPT7626,CSE,C
SID20132193,Sem_1,63.0,63.0,57.0,54.0,41.0,,48.0,54.33333333,326,IDEPT4055,CSE,C
SID20132193,Sem_1,63.0,63.0,57.0,54.0,41.0,,48.0,54.33333333,326,IDEPT4055,CSE,C
SID20142263,Sem_1,64.0,68.0,45.0,41.0,45.0,49.0,65.0,53.85714286,377,IDEPT4308,CSE,C
SID20137360,Sem_1,55.0,40.0,81.0,44.0,41.0,69.0,46.0,53.71428571,376,IDEPT5564,CSE,C
SID20157024,Sem_1,60.0,40.0,81.0,19.0,83.0,51.0,40.0,53.42857143,374,IDEPT5564,CSE,C
SID20151183,Sem_1,53.0,50.0,59.0,46.0,74.0,40.0,44.0,52.28571429,366,IDEPT1096,CSE,C
SID20132917,Sem_1,43.0,54.0,54.0,61.0,53.0,76.0,24.0,52.14285714,365,IDEPT5109,CSE,C
SID20161794,Sem_1,60.0,67.0,47.0,22.0,28.0,63.0,76.0,51.85714286,363,IDEPT6347,CSE,C
SID20134103,Sem_1,61.0,61.0,43.0,24.0,43.0,,72.0,50.66666667,304,IDEPT5564,CSE,C
SID20155805,Sem_1,47.0,55.0,40.0,50.0,51.0,47.0,53.0,49.0,343,IDEPT1677,CSE,C
SID20144224,Sem_1,42.0,53.0,40.0,69.0,22.0,70.0,46.0,48.85714286,342,IDEPT4308,CSE,C
