Student_ID,Semster_Name,Paper 1,Paper 2,Paper 3,Paper 4,Paper 5,Paper 6,Paper 7,percentage,sum,Department_ID,Department_Name
SID20172674,Sem_1,83.0,95.0,88.0,100.0,93.0,88.0,84.0,90.14285714,631,IDEPT3778,CE
SID20171977,Sem_1,93.0,99.0,100.0,96.0,90.0,85.0,66.0,89.85714286,629,IDEPT1378,CE
SID20144148,Sem_1,75.0,78.0,98.0,96.0,90.0,98.0,85.0,88.57142857,620,IDEPT1378,CE
SID20145927,Sem_1,67.0,85.0,85.0,100.0,88.0,99.0,94.0,88.28571429,618,IDEPT1533,CE
SID20149078,Sem_1,97.0,96.0,83.0,60.0,98.0,82.0,91.0,86.71428571,607,IDEPT7005,CE
SID20178543,Sem_1,99.0,92.0,77.0,84.0,71.0,85.0,98.0,86.57142857,606,IDEPT1533,CE
SID20185661,Sem_1,97.0,95.0,91.0,94.0,83.0,66.0,80.0,86.57142857,606,IDEPT1378,CE
SID20185803,Sem_1,65.0,76.0,90.0,87.0,100.0,94.0,92.0,86.28571429,604,IDEPT2425,CE
SID20131862,Sem_1,91.0,79.0,99.0,96.0,85.0,92.0,61.0,86.14285714,603,IDEPT8379,CE
SID20138999,Sem_1,52.0,93.0,80.0,96.0,90.0,99.0,91.0,85.85714286,601,IDEPT1142,CE
SID20159812,Sem_1,77.0,94.0,70.0,81.0,99.0,84.0,95.0,85.71428571,600,IDEPT5408,CE
SID20153814,Sem_1,100.0,86.0,55.0,90.0,97.0,91.0,80.0,85.57142857,599,IDEPT1533,CE
SID20167529,Sem_1,95.0,88.0,99.0,57.0,84.0,84.0,92.0,85.57142857,599,IDEPT1378,CE
SID20171190,Sem_1,93.0,67.0,90.0,95.0,71.0,96.0,86.0,85.42857143,598,IDEPT3062,CE
SID20189725,Sem_1,84.0,94.0,77.0,90.0,81.0,84.0,87.0,85.28571429,597,IDEPT7005,CE
SID20162850,Sem_1,80.0,94.0,100.0,,90.0,94.0,53.0,85.16666667,511,IDEPT1533,CE
SID20178565,Sem_1,81.0,93.0,92.0,,81.0,,78.0,85.0,425,IDEPT1533,CE
SID20137405,Sem_1,84.0,91.0,68.0,99.0,100.0,55.0,97.0,84.85714286,594,IDEPT1533,CE
SID20165580,Sem_1,52.0,69.0,92.0,100.0,99.0,85.0,94.0,84.42857143,591,IDEPT1533,CE
SID20145082,Sem_1,81.0,81.0,87.0,77.0,81.0,95.0,88.0,84.28571429,590,IDEPT8379,CE
SID20158682,Sem_1,96.0,100.0,66.0,91.0,94.0,55.0,87.0,84.14285714,589,IDEPT8379,CE
SID20163161,Sem_1,97.0,80.0,76.0,77.0,91.0,68.0,100.0,84.14285714,589,IDEPT7783,CE
SID20134894,Sem_1,86.0,97.0,55.0,92.0,95.0,86.0,78.0,84.14285714,589,IDEPT7783,CE
SID20175426,Sem_1,88.0,98.0,68.0,80.0,72.0,93.0,88.0,83.85714286,587,IDEPT7783,CE
SID20135545,Sem_1,98.0,78.0,83.0,77.0,79.0,88.0,,83.83333333,503,IDEPT2425,CE
SID20138684,Sem_1,90.0,96.0,100.0,78.0,92.0,55.0,75.0,83.71428571,586,IDEPT3778,CE
SID20137166,Sem_1,55.0,84.0,98.0,93.0,97.0,61.0,98.0,83.71428571,586,IDEPT2425,CE
SID20164987,Sem_1,82.0,80.0,48.0,93.0,92.0,99.0,91.0,83.57142857,585,IDEPT1378,CE
SID20151492,Sem_1,92.0,73.0,96.0,100.0,69.0,97.0,58.0,83.57142857,585,IDEPT8379,CE
SID20148548,Sem_1,95.0,87.0,80.0,94.0,85.0,62.0,81.0,83.42857143,584,IDEPT3062,CE
SID20136751,Sem_1,78.0,86.0,95.0,79.0,78.0,82.0,86.0,83.42857143,584,IDEPT1533,CE
SID20136751,Sem_1,78.0,86.0,95.0,79.0,78.0,82.0,86.0,83.42857143,584,IDEPT1533,CE
SID20161136,Sem_1,75.0,97.0,56.0,95.0,85.0,90.0,85.0,83.28571429,583,IDEPT1533,CE
SID20178191,Sem_1,64.0,96.0,94.0,94.0,67.0,71.0,97.0,83.28571429,583,IDEPT8313,CE
SID20179767,Sem_1,96.0,85.0,100.0,,41.0,88.0,89.0,83.16666667,499,IDEPT5408,CE
SID20176967,Sem_1,85.0,86.0,63.0,93.0,93.0,64.0,97.0,83.0,581,IDEPT3778,CE
SID20154598,Sem_1,92.0,66.0,61.0,91.0,99.0,81.0,89.0,82.71428571,579,IDEPT3062,CE
SID20164566,Sem_1,85.0,86.0,72.0,54.0,91.0,94.0,96.0,82.57142857,578,IDEPT8313,CE
SID20173822,Sem_1,89.0,89.0,77.0,96.0,58.0,99.0,70.0,82.57142857,578,IDEPT3778,CE
SID20171246,Sem_1,92.0,92.0,88.0,93.0,45.0,75.0,93.0,82.57142857,578,IDEPT7005,CE
SID20185127,Sem_1,91.0,62.0,94.0,54.0,92.0,89.0,96.0,82.57142857,578,IDEPT3778,CE
SID20179943,Sem_1,84.0,100.0,97.0,74.0,,77.0,63.0,82.5,495,IDEPT1533,CE
SID20137275,Sem_1,70.0,94.0,94.0,74.0,84.0,73.0,88.0,82.42857143,577,IDEPT1825,CE
SID20165112,Sem_1,89.0,76.0,85.0,100.0,98.0,65.0,63.0,82.28571429,576,IDEPT1825,CE
SID20182953,Sem_1,88.0,85.0,75.0,95.0,51.0,99.0,83.0,82.28571429,576,IDEPT1533,CE
SID20149715,Sem_1,78.0,97.0,87.0,86.0,,97.0,48.0,82.16666667,493,IDEPT7005,CE
SID20156673,Sem_1,97.0,89.0,86.0,68.0,99.0,91.0,45.0,82.14285714,575,IDEPT3778,CE
SID20135073,Sem_1,85.0,89.0,94.0,98.0,100.0,41.0,67.0,82.0,574,IDEPT3778,CE
SID20159175,Sem_1,97.0,80.0,82.0,93.0,66.0,79.0,76.0,81.85714286,573,IDEPT1533,CE
SID20181377,Sem_1,96.0,93.0,51.0,99.0,68.0,88.0,78.0,81.85714286,573,IDEPT5408,CE
SID20153880,Sem_1,88.0,60.0,96.0,95.0,63.0,99.0,72.0,81.85714286,573,IDEPT3062,CE
SID20132928,Sem_1,70.0,100.0,99.0,79.0,72.0,73.0,80.0,81.85714286,573,IDEPT8379,CE
SID20139716,Sem_1,65.0,89.0,90.0,91.0,96.0,50.0,92.0,81.85714286,573,IDEPT1825,CE
SID20185780,Sem_1,96.0,60.0,73.0,99.0,88.0,92.0,64.0,81.71428571,572,IDEPT7783,CE
SID20137235,Sem_1,60.0,84.0,86.0,91.0,96.0,91.0,64.0,81.71428571,572,IDEPT1378,CE
SID20146083,Sem_1,77.0,86.0,96.0,96.0,77.0,94.0,46.0,81.71428571,572,IDEPT8379,CE
SID20161581,Sem_1,83.0,74.0,92.0,84.0,96.0,81.0,61.0,81.57142857,571,IDEPT8313,CE
SID20175284,Sem_1,57.0,62.0,68.0,100.0,92.0,94.0,98.0,81.57142857,571,IDEPT8379,CE
SID20145670,Sem_1,63.0,70.0,68.0,93.0,92.0,98.0,86.0,81.42857143,570,IDEPT3062,CE
SID20145670,Sem_1,63.0,70.0,68.0,93.0,92.0,98.0,86.0,81.42857143,570,IDEPT3062,CE
SID20159329,Sem_1,97.0,72.0,,42.0,90.0,87.0,100.0,81.33333333,488,IDEPT1825,CE
SID20166616,Sem_1,79.0,100.0,88.0,69.0,90.0,100.0,43.0,81.28571429,569,IDEPT1378,CE
SID20135291,Sem_1,98.0,99.0,40.0,83.0,87.0,91.0,70.0,81.14285714,568,IDEPT8313,CE
SID20189625,Sem_1,95.0,72.0,86.0,98.0,53.0,72.0,92.0,81.14285714,568,IDEPT2425,CE
SID20153949,Sem_1,87.0,87.0,86.0,77.0,76.0,87.0,67.0,81.0,567,IDEPT7783,CE
SID20166216,Sem_1,94.0,87.0,91.0,87.0,54.0,99.0,55.0,81.0,567,IDEPT3778,CE
SID20174509,Sem_1,90.0,,84.0,96.0,78.0,66.0,72.0,81.0,486,IDEPT2425,CE
SID20137385,Sem_1,100.0,45.0,91.0,99.0,75.0,98.0,59.0,81.0,567,IDEPT7783,CE
SID20149333,Sem_1,55.0,80.0,98.0,100.0,90.0,84.0,59.0,80.85714286,566,IDEPT1378,CE
SID20153346,Sem_1,51.0,88.0,77.0,99.0,73.0,87.0,91.0,80.85714286,566,IDEPT1825,CE
SID20148985,Sem_1,88.0,91.0,99.0,72.0,79.0,95.0,42.0,80.85714286,566,IDEPT1825,CE
SID20156800,Sem_1,85.0,72.0,98.0,72.0,81.0,93.0,64.0,80.71428571,565,IDEPT7783,CE
SID20151401,Sem_1,96.0,93.0,89.0,89.0,49.0,97.0,52.0,80.71428571,565,IDEPT2425,CE
SID20135936,Sem_1,94.0,65.0,89.0,66.0,83.0,100.0,68.0,80.71428571,565,IDEPT1533,CE
SID20139520,Sem_1,81.0,54.0,82.0,86.0,93.0,83.0,86.0,80.71428571,565,IDEPT8379,CE
SID20135820,Sem_1,,65.0,56.0,98.0,85.0,83.0,97.0,80.66666667,484,IDEPT8379,CE
SID20135459,Sem_1,77.0,98.0,97.0,84.0,48.0,86.0,74.0,80.57142857,564,IDEPT1378,CE
SID20152347,Sem_1,83.0,98.0,70.0,48.0,98.0,88.0,79.0,80.57142857,564,IDEPT1825,CE
SID20172186,Sem_1,86.0,87.0,96.0,61.0,57.0,95.0,82.0,80.57142857,564,IDEPT7005,CE
SID20151789,Sem_1,86.0,75.0,45.0,83.0,94.0,97.0,84.0,80.57142857,564,IDEPT2425,CE
SID20147809,Sem_1,98.0,82.0,98.0,53.0,67.0,80.0,86.0,80.57142857,564,IDEPT2425,CE
SID20176090,Sem_1,,89.0,99.0,73.0,49.0,86.0,86.0,80.33333333,482,IDEPT8379,CE
SID20152339,Sem_1,59.0,64.0,85.0,85.0,93.0,94.0,82.0,80.28571429,562,IDEPT1825,CE
SID20139762,Sem_1,71.0,96.0,66.0,83.0,73.0,76.0,97.0,80.28571429,562,IDEPT3062,CE
SID20181317,Sem_1,65.0,90.0,89.0,83.0,98.0,46.0,90.0,80.14285714,561,IDEPT1142,CE
SID20153090,Sem_1,96.0,81.0,84.0,95.0,48.0,90.0,67.0,80.14285714,561,IDEPT7005,CE
SID20155885,Sem_1,98.0,80.0,49.0,89.0,80.0,69.0,96.0,80.14285714,561,IDEPT1378,CE
SID20164802,Sem_1,97.0,95.0,84.0,96.0,69.0,70.0,49.0,80.0,560,IDEPT1142,CE
SID20148337,Sem_1,79.0,92.0,86.0,85.0,87.0,72.0,59.0,80.0,560,IDEPT1378,CE
SID20148424,Sem_1,68.0,91.0,61.0,73.0,75.0,97.0,95.0,80.0,560,IDEPT2425,CE
SID20179711,Sem_1,76.0,84.0,92.0,52.0,79.0,96.0,81.0,80.0,560,IDEPT7783,CE
SID20172281,Sem_1,86.0,63.0,74.0,99.0,78.0,70.0,89.0,79.85714286,559,IDEPT7005,CE
SID20164543,Sem_1,84.0,92.0,47.0,98.0,75.0,75.0,88.0,79.85714286,559,IDEPT3062,CE
SID20182270,Sem_1,99.0,74.0,65.0,76.0,98.0,,67.0,79.83333333,479,IDEPT3062,CE
SID20134168,Sem_1,78.0,,85.0,85.0,86.0,88.0,57.0,79.83333333,479,IDEPT5408,CE
SID20189161,Sem_1,91.0,74.0,68.0,99.0,71.0,87.0,68.0,79.71428571,558,IDEPT7783,CE
SID20155324,Sem_1,66.0,81.0,84.0,86.0,84.0,100.0,57.0,79.71428571,558,IDEPT5408,CE
SID20133442,Sem_1,74.0,91.0,65.0,83.0,92.0,100.0,53.0,79.71428571,558,IDEPT7783,CE
SID20152468,Sem_1,85.0,59.0,96.0,98.0,75.0,49.0,95.0,79.57142857,557,IDEPT1142,CE
SID20165867,Sem_1,75.0,60.0,92.0,83.0,78.0,92.0,77.0,79.57142857,557,IDEPT5408,CE
SID20159513,Sem_1,100.0,58.0,72.0,77.0,88.0,64.0,98.0,79.57142857,557,IDEPT1378,CE
SID20132511,Sem_1,87.0,90.0,48.0,86.0,96.0,91.0,58.0,79.42857143,556,IDEPT1378,CE
SID20156042,Sem_1,98.0,98.0,69.0,80.0,70.0,70.0,71.0,79.42857143,556,IDEPT8313,CE
SID20142752,Sem_1,74.0,96.0,93.0,75.0,68.0,84.0,66.0,79.42857143,556,IDEPT2425,CE
SID20154311,Sem_1,88.0,61.0,100.0,86.0,94.0,84.0,43.0,79.42857143,556,IDEPT3778,CE
SID20162489,Sem_1,86.0,85.0,77.0,73.0,100.0,85.0,49.0,79.28571429,555,IDEPT1142,CE
SID20176485,Sem_1,66.0,83.0,83.0,98.0,82.0,71.0,72.0,79.28571429,555,IDEPT7005,CE
SID20131811,Sem_1,85.0,86.0,60.0,75.0,78.0,91.0,,79.16666667,475,IDEPT8379,CE
SID20163182,Sem_1,51.0,99.0,89.0,52.0,95.0,75.0,93.0,79.14285714,554,IDEPT3062,CE
SID20172712,Sem_1,69.0,84.0,77.0,65.0,87.0,88.0,84.0,79.14285714,554,IDEPT7783,CE
SID20172381,Sem_1,78.0,100.0,73.0,67.0,57.0,92.0,87.0,79.14285714,554,IDEPT2425,CE
SID20162918,Sem_1,63.0,94.0,96.0,80.0,63.0,64.0,93.0,79.0,553,IDEPT7005,CE
SID20173041,Sem_1,69.0,93.0,62.0,99.0,93.0,92.0,45.0,79.0,553,IDEPT7005,CE
SID20168846,Sem_1,60.0,72.0,88.0,78.0,86.0,83.0,86.0,79.0,553,IDEPT3778,CE
SID20159242,Sem_1,97.0,90.0,90.0,80.0,48.0,81.0,67.0,79.0,553,IDEPT1825,CE
SID20168518,Sem_1,67.0,90.0,68.0,91.0,74.0,,84.0,79.0,474,IDEPT1142,CE
SID20159615,Sem_1,52.0,100.0,59.0,75.0,81.0,94.0,91.0,78.85714286,552,IDEPT8313,CE
SID20173300,Sem_1,91.0,93.0,40.0,99.0,75.0,85.0,69.0,78.85714286,552,IDEPT1533,CE
SID20133467,Sem_1,69.0,93.0,99.0,90.0,49.0,99.0,53.0,78.85714286,552,IDEPT1825,CE
SID20147491,Sem_1,88.0,99.0,52.0,65.0,81.0,74.0,92.0,78.71428571,551,IDEPT8313,CE
SID20178450,Sem_1,93.0,69.0,98.0,49.0,100.0,97.0,45.0,78.71428571,551,IDEPT8313,CE
SID20143108,Sem_1,99.0,66.0,83.0,99.0,69.0,41.0,94.0,78.71428571,551,IDEPT1378,CE
SID20167029,Sem_1,96.0,76.0,,75.0,58.0,74.0,93.0,78.66666667,472,IDEPT8379,CE
SID20156075,Sem_1,53.0,96.0,73.0,86.0,64.0,87.0,91.0,78.57142857,550,IDEPT1142,CE
SID20131231,Sem_1,64.0,77.0,97.0,62.0,100.0,54.0,96.0,78.57142857,550,IDEPT2425,CE
SID20142708,Sem_1,71.0,100.0,67.0,43.0,88.0,97.0,84.0,78.57142857,550,IDEPT1142,CE
SID20187499,Sem_1,69.0,64.0,93.0,91.0,65.0,72.0,96.0,78.57142857,550,IDEPT1533,CE
SID20144387,Sem_1,95.0,64.0,88.0,63.0,55.0,94.0,90.0,78.42857143,549,IDEPT1142,CE
SID20176240,Sem_1,99.0,61.0,83.0,89.0,74.0,83.0,60.0,78.42857143,549,IDEPT1825,CE
SID20183528,Sem_1,81.0,86.0,85.0,86.0,88.0,67.0,56.0,78.42857143,549,IDEPT2425,CE
SID20138035,Sem_1,91.0,49.0,98.0,93.0,59.0,,80.0,78.33333333,470,IDEPT5408,CE
SID20162743,Sem_1,84.0,96.0,83.0,87.0,58.0,98.0,42.0,78.28571429,548,IDEPT5408,CE
SID20183932,Sem_1,94.0,42.0,87.0,78.0,100.0,90.0,57.0,78.28571429,548,IDEPT5408,CE
SID20167409,Sem_1,88.0,54.0,99.0,73.0,77.0,69.0,88.0,78.28571429,548,IDEPT5408,CE
SID20173078,Sem_1,72.0,88.0,57.0,54.0,94.0,100.0,83.0,78.28571429,548,IDEPT5408,CE
SID20167630,Sem_1,87.0,74.0,69.0,87.0,85.0,56.0,90.0,78.28571429,548,IDEPT8313,CE
SID20172976,Sem_1,97.0,84.0,,68.0,60.0,83.0,77.0,78.16666667,469,IDEPT3062,CE
SID20165316,Sem_1,44.0,67.0,91.0,87.0,96.0,86.0,76.0,78.14285714,547,IDEPT7783,CE
SID20156875,Sem_1,42.0,93.0,89.0,57.0,92.0,77.0,97.0,78.14285714,547,IDEPT7783,CE
SID20188819,Sem_1,79.0,60.0,68.0,96.0,82.0,64.0,98.0,78.14285714,547,IDEPT7005,CE
SID20147063,Sem_1,94.0,86.0,55.0,96.0,43.0,75.0,98.0,78.14285714,547,IDEPT3062,CE
SID20164784,Sem_1,63.0,77.0,72.0,97.0,58.0,80.0,100.0,78.14285714,547,IDEPT1378,CE
SID20138744,Sem_1,99.0,79.0,86.0,62.0,68.0,99.0,54.0,78.14285714,547,IDEPT7005,CE
SID20183930,Sem_1,98.0,100.0,90.0,51.0,64.0,45.0,98.0,78.0,546,IDEPT8379,CE
SID20143056,Sem_1,66.0,96.0,70.0,74.0,99.0,76.0,65.0,78.0,546,IDEPT8379,CE
SID20139016,Sem_1,87.0,51.0,97.0,53.0,81.0,89.0,88.0,78.0,546,IDEPT2425,CE
SID20148893,Sem_1,78.0,75.0,51.0,74.0,89.0,83.0,96.0,78.0,546,IDEPT5408,CE
SID20171831,Sem_1,87.0,76.0,78.0,64.0,87.0,80.0,74.0,78.0,546,IDEPT7005,CE
SID20167783,Sem_1,42.0,81.0,100.0,68.0,94.0,66.0,95.0,78.0,546,IDEPT3778,CE
SID20133276,Sem_1,94.0,41.0,96.0,78.0,68.0,93.0,75.0,77.85714286,545,IDEPT3062,CE
SID20161919,Sem_1,94.0,74.0,65.0,99.0,83.0,75.0,55.0,77.85714286,545,IDEPT3778,CE
SID20132300,Sem_1,96.0,85.0,92.0,57.0,42.0,97.0,76.0,77.85714286,545,IDEPT2425,CE
SID20132300,Sem_1,96.0,85.0,92.0,57.0,42.0,97.0,76.0,77.85714286,545,IDEPT2425,CE
SID20179314,Sem_1,77.0,81.0,85.0,92.0,84.0,85.0,41.0,77.85714286,545,IDEPT2425,CE
SID20161612,Sem_1,86.0,100.0,74.0,47.0,97.0,73.0,67.0,77.71428571,544,IDEPT1533,CE
SID20158404,Sem_1,97.0,73.0,63.0,91.0,90.0,76.0,54.0,77.71428571,544,IDEPT1142,CE
SID20186862,Sem_1,80.0,85.0,,82.0,94.0,76.0,49.0,77.66666667,466,IDEPT3778,CE
SID20131872,Sem_1,83.0,69.0,83.0,97.0,77.0,74.0,60.0,77.57142857,543,IDEPT3778,CE
SID20139904,Sem_1,98.0,75.0,89.0,94.0,46.0,73.0,68.0,77.57142857,543,IDEPT7783,CE
SID20169152,Sem_1,72.0,72.0,78.0,69.0,60.0,97.0,95.0,77.57142857,543,IDEPT8379,CE
SID20168235,Sem_1,66.0,63.0,81.0,,100.0,83.0,72.0,77.5,465,IDEPT5408,CE
SID20143425,Sem_1,72.0,70.0,91.0,57.0,89.0,81.0,82.0,77.42857143,542,IDEPT1825,CE
SID20141126,Sem_1,85.0,73.0,71.0,91.0,56.0,90.0,76.0,77.42857143,542,IDEPT3062,CE
SID20146037,Sem_1,81.0,53.0,83.0,94.0,71.0,80.0,80.0,77.42857143,542,IDEPT3778,CE
SID20176482,Sem_1,85.0,69.0,90.0,93.0,70.0,40.0,95.0,77.42857143,542,IDEPT1142,CE
SID20148334,Sem_1,,92.0,48.0,80.0,76.0,86.0,82.0,77.33333333,464,IDEPT3778,CE
SID20169407,Sem_1,,53.0,90.0,94.0,67.0,63.0,97.0,77.33333333,464,IDEPT3062,CE
SID20132664,Sem_1,79.0,75.0,,82.0,43.0,88.0,97.0,77.33333333,464,IDEPT2425,CE
SID20171438,Sem_1,77.0,,96.0,76.0,74.0,46.0,94.0,77.16666667,463,IDEPT3778,CE
SID20149070,Sem_1,42.0,43.0,94.0,90.0,74.0,100.0,97.0,77.14285714,540,IDEPT1378,CE
SID20175323,Sem_1,43.0,80.0,91.0,86.0,94.0,87.0,59.0,77.14285714,540,IDEPT8379,CE
SID20186450,Sem_1,89.0,61.0,73.0,98.0,69.0,55.0,95.0,77.14285714,540,IDEPT8313,CE
SID20184250,Sem_1,98.0,77.0,80.0,61.0,97.0,87.0,40.0,77.14285714,540,IDEPT1825,CE
SID20178502,Sem_1,90.0,93.0,83.0,89.0,65.0,44.0,75.0,77.0,539,IDEPT1825,CE
SID20188361,Sem_1,94.0,75.0,97.0,91.0,83.0,58.0,41.0,77.0,539,IDEPT1825,CE
SID20158291,Sem_1,72.0,93.0,53.0,59.0,98.0,69.0,95.0,77.0,539,IDEPT3778,CE
SID20155904,Sem_1,57.0,52.0,91.0,98.0,82.0,81.0,77.0,76.85714286,538,IDEPT1533,CE
SID20161970,Sem_1,76.0,89.0,66.0,86.0,88.0,78.0,55.0,76.85714286,538,IDEPT2425,CE
SID20186389,Sem_1,84.0,65.0,70.0,75.0,88.0,58.0,98.0,76.85714286,538,IDEPT7005,CE
SID20135775,Sem_1,63.0,94.0,80.0,72.0,47.0,98.0,84.0,76.85714286,538,IDEPT2425,CE
SID20165401,Sem_1,73.0,95.0,97.0,49.0,75.0,59.0,90.0,76.85714286,538,IDEPT3062,CE
SID20166963,Sem_1,66.0,81.0,57.0,93.0,,95.0,69.0,76.83333333,461,IDEPT1142,CE
SID20169883,Sem_1,75.0,95.0,,88.0,83.0,25.0,95.0,76.83333333,461,IDEPT1378,CE
SID20158728,Sem_1,62.0,83.0,84.0,90.0,93.0,69.0,56.0,76.71428571,537,IDEPT5408,CE
SID20166557,Sem_1,82.0,65.0,90.0,81.0,58.0,68.0,93.0,76.71428571,537,IDEPT8313,CE
SID20138432,Sem_1,51.0,71.0,97.0,97.0,71.0,66.0,84.0,76.71428571,537,IDEPT2425,CE
SID20139653,Sem_1,52.0,95.0,100.0,71.0,76.0,59.0,84.0,76.71428571,537,IDEPT2425,CE
SID20139913,Sem_1,47.0,95.0,43.0,81.0,96.0,79.0,95.0,76.57142857,536,IDEPT8379,CE
SID20135707,Sem_1,47.0,85.0,99.0,77.0,94.0,59.0,75.0,76.57142857,536,IDEPT1378,CE
SID20163649,Sem_1,57.0,94.0,99.0,89.0,52.0,86.0,58.0,76.42857143,535,IDEPT2425,CE
SID20142356,Sem_1,99.0,65.0,98.0,80.0,50.0,78.0,65.0,76.42857143,535,IDEPT1142,CE
SID20188402,Sem_1,76.0,70.0,88.0,43.0,91.0,78.0,89.0,76.42857143,535,IDEPT5408,CE
SID20185278,Sem_1,75.0,64.0,75.0,76.0,69.0,76.0,100.0,76.42857143,535,IDEPT1142,CE
SID20145681,Sem_1,93.0,46.0,84.0,97.0,72.0,56.0,87.0,76.42857143,535,IDEPT8379,CE
SID20161661,Sem_1,94.0,78.0,69.0,83.0,57.0,81.0,73.0,76.42857143,535,IDEPT7783,CE
SID20164163,Sem_1,57.0,64.0,84.0,80.0,55.0,97.0,98.0,76.42857143,535,IDEPT1142,CE
SID20152218,Sem_1,92.0,46.0,,69.0,95.0,,80.0,76.4,382,IDEPT8313,CE
SID20179855,Sem_1,58.0,95.0,78.0,,99.0,82.0,46.0,76.33333333,458,IDEPT1825,CE
SID20178693,Sem_1,,85.0,55.0,58.0,96.0,93.0,71.0,76.33333333,458,IDEPT1533,CE
SID20133032,Sem_1,82.0,66.0,100.0,57.0,63.0,93.0,73.0,76.28571429,534,IDEPT1142,CE
SID20177877,Sem_1,81.0,74.0,91.0,71.0,99.0,72.0,46.0,76.28571429,534,IDEPT1142,CE
SID20159560,Sem_1,99.0,84.0,71.0,91.0,48.0,,64.0,76.16666667,457,IDEPT1142,CE
SID20162531,Sem_1,84.0,71.0,100.0,56.0,57.0,95.0,70.0,76.14285714,533,IDEPT8313,CE
SID20135654,Sem_1,68.0,87.0,71.0,75.0,96.0,81.0,55.0,76.14285714,533,IDEPT8313,CE
SID20175295,Sem_1,61.0,43.0,96.0,61.0,81.0,94.0,97.0,76.14285714,533,IDEPT8313,CE
SID20132627,Sem_1,69.0,88.0,80.0,87.0,82.0,65.0,62.0,76.14285714,533,IDEPT8379,CE
SID20155697,Sem_1,94.0,93.0,74.0,83.0,42.0,49.0,98.0,76.14285714,533,IDEPT8379,CE
SID20142958,Sem_1,45.0,78.0,98.0,66.0,99.0,72.0,75.0,76.14285714,533,IDEPT1825,CE
SID20139454,Sem_1,97.0,79.0,74.0,70.0,52.0,99.0,62.0,76.14285714,533,IDEPT8379,CE
SID20141759,Sem_1,64.0,54.0,95.0,68.0,60.0,98.0,94.0,76.14285714,533,IDEPT3778,CE
SID20178896,Sem_1,40.0,84.0,65.0,89.0,,85.0,93.0,76.0,456,IDEPT8379,CE
SID20178896,Sem_1,40.0,84.0,65.0,89.0,,85.0,93.0,76.0,456,IDEPT8379,CE
SID20166597,Sem_1,61.0,54.0,86.0,93.0,93.0,98.0,47.0,76.0,532,IDEPT1378,CE
SID20168336,Sem_1,74.0,88.0,95.0,49.0,57.0,92.0,77.0,76.0,532,IDEPT3062,CE
SID20162953,Sem_1,89.0,80.0,84.0,77.0,54.0,72.0,,76.0,456,IDEPT5408,CE
SID20139134,Sem_1,60.0,100.0,78.0,48.0,87.0,74.0,84.0,75.85714286,531,IDEPT5408,CE
SID20139325,Sem_1,80.0,52.0,48.0,67.0,98.0,88.0,98.0,75.85714286,531,IDEPT8313,CE
SID20142455,Sem_1,75.0,71.0,77.0,78.0,80.0,68.0,82.0,75.85714286,531,IDEPT7783,CE
SID20158965,Sem_1,94.0,53.0,77.0,48.0,97.0,62.0,100.0,75.85714286,531,IDEPT5408,CE
SID20155156,Sem_1,97.0,78.0,71.0,76.0,58.0,75.0,76.0,75.85714286,531,IDEPT3778,CE
SID20151538,Sem_1,44.0,71.0,73.0,81.0,88.0,99.0,75.0,75.85714286,531,IDEPT1825,CE
SID20162783,Sem_1,67.0,86.0,88.0,93.0,60.0,83.0,54.0,75.85714286,531,IDEPT1825,CE
SID20183828,Sem_1,96.0,73.0,59.0,75.0,56.0,98.0,74.0,75.85714286,531,IDEPT8313,CE
SID20155252,Sem_1,78.0,59.0,89.0,96.0,87.0,72.0,50.0,75.85714286,531,IDEPT1142,CE
SID20171232,Sem_1,88.0,67.0,69.0,,96.0,55.0,80.0,75.83333333,455,IDEPT7005,CE
SID20174384,Sem_1,76.0,67.0,47.0,86.0,77.0,84.0,93.0,75.71428571,530,IDEPT1533,CE
SID20136154,Sem_1,89.0,84.0,66.0,58.0,68.0,98.0,67.0,75.71428571,530,IDEPT7783,CE
SID20147791,Sem_1,51.0,65.0,62.0,89.0,80.0,84.0,99.0,75.71428571,530,IDEPT7783,CE
SID20155427,Sem_1,91.0,52.0,55.0,96.0,94.0,99.0,43.0,75.71428571,530,IDEPT1142,CE
SID20184791,Sem_1,96.0,69.0,75.0,46.0,100.0,63.0,81.0,75.71428571,530,IDEPT1142,CE
SID20143529,Sem_1,59.0,93.0,80.0,93.0,61.0,,68.0,75.66666667,454,IDEPT8313,CE
SID20134227,Sem_1,72.0,42.0,77.0,89.0,97.0,,77.0,75.66666667,454,IDEPT8313,CE
SID20156104,Sem_1,50.0,99.0,63.0,73.0,79.0,100.0,65.0,75.57142857,529,IDEPT1378,CE
SID20163762,Sem_1,92.0,97.0,96.0,45.0,87.0,47.0,65.0,75.57142857,529,IDEPT1533,CE
SID20152108,Sem_1,80.0,100.0,57.0,70.0,92.0,51.0,79.0,75.57142857,529,IDEPT2425,CE
SID20181374,Sem_1,94.0,53.0,83.0,62.0,100.0,81.0,56.0,75.57142857,529,IDEPT7005,CE
SID20175601,Sem_1,,62.0,99.0,62.0,52.0,94.0,84.0,75.5,453,IDEPT3062,CE
SID20188224,Sem_1,86.0,90.0,44.0,92.0,93.0,68.0,55.0,75.42857143,528,IDEPT1825,CE
SID20185447,Sem_1,56.0,72.0,100.0,83.0,88.0,61.0,68.0,75.42857143,528,IDEPT5408,CE
SID20151557,Sem_1,77.0,80.0,70.0,65.0,89.0,55.0,92.0,75.42857143,528,IDEPT3062,CE
SID20173055,Sem_1,77.0,86.0,69.0,55.0,70.0,82.0,89.0,75.42857143,528,IDEPT7783,CE
SID20154737,Sem_1,52.0,58.0,88.0,79.0,72.0,88.0,91.0,75.42857143,528,IDEPT3778,CE
SID20186158,Sem_1,84.0,60.0,76.0,100.0,51.0,62.0,95.0,75.42857143,528,IDEPT8379,CE
SID20167134,Sem_1,51.0,85.0,95.0,85.0,89.0,47.0,76.0,75.42857143,528,IDEPT1533,CE
SID20143243,Sem_1,60.0,88.0,74.0,71.0,80.0,79.0,,75.33333333,452,IDEPT7783,CE
SID20156016,Sem_1,92.0,80.0,44.0,88.0,72.0,96.0,55.0,75.28571429,527,IDEPT7005,CE
SID20185252,Sem_1,73.0,89.0,74.0,62.0,87.0,76.0,66.0,75.28571429,527,IDEPT1142,CE
SID20134601,Sem_1,96.0,50.0,65.0,87.0,70.0,94.0,65.0,75.28571429,527,IDEPT1142,CE
SID20149387,Sem_1,56.0,100.0,62.0,72.0,56.0,96.0,85.0,75.28571429,527,IDEPT1533,CE
SID20163525,Sem_1,85.0,65.0,58.0,92.0,69.0,75.0,83.0,75.28571429,527,IDEPT8379,CE
SID20138530,Sem_1,85.0,43.0,80.0,68.0,100.0,91.0,60.0,75.28571429,527,IDEPT1825,CE
SID20187595,Sem_1,42.0,88.0,95.0,88.0,,40.0,98.0,75.16666667,451,IDEPT1533,CE
SID20185267,Sem_1,73.0,58.0,63.0,,68.0,90.0,99.0,75.16666667,451,IDEPT5408,CE
SID20136943,Sem_1,87.0,60.0,58.0,95.0,61.0,65.0,100.0,75.14285714,526,IDEPT1825,CE
SID20163655,Sem_1,83.0,83.0,73.0,72.0,67.0,80.0,68.0,75.14285714,526,IDEPT8379,CE
SID20136943,Sem_1,87.0,60.0,58.0,95.0,61.0,65.0,100.0,75.14285714,526,IDEPT1825,CE
SID20132222,Sem_1,90.0,68.0,40.0,74.0,87.0,96.0,71.0,75.14285714,526,IDEPT3778,CE
SID20148150,Sem_1,90.0,69.0,73.0,82.0,65.0,100.0,47.0,75.14285714,526,IDEPT3062,CE
SID20139670,Sem_1,66.0,99.0,58.0,69.0,54.0,80.0,100.0,75.14285714,526,IDEPT1533,CE
SID20175926,Sem_1,87.0,44.0,84.0,81.0,54.0,92.0,84.0,75.14285714,526,IDEPT3778,CE
SID20166433,Sem_1,65.0,67.0,42.0,96.0,72.0,100.0,84.0,75.14285714,526,IDEPT1825,CE
SID20173903,Sem_1,94.0,61.0,89.0,99.0,42.0,55.0,86.0,75.14285714,526,IDEPT8313,CE
SID20174080,Sem_1,57.0,43.0,86.0,88.0,70.0,85.0,97.0,75.14285714,526,IDEPT7783,CE
SID20159257,Sem_1,58.0,96.0,72.0,61.0,83.0,69.0,86.0,75.0,525,IDEPT3778,CE
SID20173344,Sem_1,91.0,90.0,42.0,83.0,89.0,80.0,50.0,75.0,525,IDEPT3778,CE
SID20173879,Sem_1,57.0,88.0,74.0,61.0,80.0,69.0,96.0,75.0,525,IDEPT1533,CE
SID20172213,Sem_1,94.0,55.0,90.0,41.0,67.0,91.0,87.0,75.0,525,IDEPT1825,CE
SID20174694,Sem_1,76.0,98.0,65.0,75.0,50.0,84.0,77.0,75.0,525,IDEPT7783,CE
SID20151302,Sem_1,89.0,69.0,82.0,94.0,64.0,75.0,51.0,74.85714286,524,IDEPT1378,CE
SID20133222,Sem_1,66.0,43.0,83.0,66.0,73.0,100.0,93.0,74.85714286,524,IDEPT2425,CE
SID20171222,Sem_1,78.0,92.0,59.0,73.0,59.0,67.0,96.0,74.85714286,524,IDEPT8313,CE
SID20171252,Sem_1,40.0,94.0,85.0,47.0,59.0,100.0,99.0,74.85714286,524,IDEPT8313,CE
SID20189908,Sem_1,71.0,90.0,73.0,54.0,81.0,95.0,60.0,74.85714286,524,IDEPT1533,CE
SID20134805,Sem_1,44.0,93.0,95.0,60.0,99.0,67.0,66.0,74.85714286,524,IDEPT8379,CE
SID20186513,Sem_1,100.0,79.0,86.0,54.0,56.0,52.0,97.0,74.85714286,524,IDEPT7783,CE
SID20182432,Sem_1,56.0,96.0,73.0,92.0,83.0,42.0,82.0,74.85714286,524,IDEPT7783,CE
SID20179910,Sem_1,82.0,74.0,95.0,81.0,58.0,44.0,90.0,74.85714286,524,IDEPT8379,CE
SID20156105,Sem_1,79.0,89.0,65.0,45.0,93.0,56.0,97.0,74.85714286,524,IDEPT1142,CE
SID20168009,Sem_1,91.0,56.0,58.0,57.0,88.0,76.0,98.0,74.85714286,524,IDEPT7005,CE
SID20132369,Sem_1,44.0,61.0,65.0,,89.0,97.0,93.0,74.83333333,449,IDEPT8313,CE
SID20149991,Sem_1,96.0,82.0,68.0,66.0,65.0,63.0,83.0,74.71428571,523,IDEPT5408,CE
SID20164954,Sem_1,94.0,79.0,56.0,89.0,87.0,58.0,60.0,74.71428571,523,IDEPT7005,CE
SID20149991,Sem_1,96.0,82.0,68.0,66.0,65.0,63.0,83.0,74.71428571,523,IDEPT5408,CE
SID20155671,Sem_1,91.0,88.0,99.0,92.0,43.0,49.0,61.0,74.71428571,523,IDEPT7005,CE
SID20163087,Sem_1,96.0,92.0,57.0,99.0,57.0,80.0,42.0,74.71428571,523,IDEPT8313,CE
SID20178788,Sem_1,96.0,61.0,85.0,86.0,45.0,70.0,80.0,74.71428571,523,IDEPT8379,CE
SID20187847,Sem_1,86.0,72.0,66.0,62.0,65.0,86.0,85.0,74.57142857,522,IDEPT8379,CE
SID20162490,Sem_1,99.0,84.0,82.0,63.0,67.0,70.0,57.0,74.57142857,522,IDEPT3062,CE
SID20178200,Sem_1,92.0,88.0,41.0,96.0,89.0,40.0,76.0,74.57142857,522,IDEPT1533,CE
SID20161700,Sem_1,67.0,100.0,81.0,40.0,59.0,87.0,88.0,74.57142857,522,IDEPT8379,CE
SID20143803,Sem_1,97.0,46.0,,59.0,97.0,50.0,98.0,74.5,447,IDEPT1533,CE
SID20181576,Sem_1,68.0,99.0,90.0,63.0,76.0,78.0,47.0,74.42857143,521,IDEPT3778,CE
SID20134351,Sem_1,89.0,69.0,66.0,72.0,59.0,78.0,88.0,74.42857143,521,IDEPT1533,CE
SID20164280,Sem_1,83.0,50.0,65.0,87.0,84.0,53.0,99.0,74.42857143,521,IDEPT2425,CE
SID20135169,Sem_1,69.0,75.0,60.0,97.0,78.0,81.0,61.0,74.42857143,521,IDEPT7783,CE
SID20167720,Sem_1,73.0,88.0,79.0,92.0,70.0,79.0,40.0,74.42857143,521,IDEPT1825,CE
SID20155565,Sem_1,57.0,,70.0,71.0,94.0,84.0,70.0,74.33333333,446,IDEPT8313,CE
SID20143752,Sem_1,70.0,66.0,100.0,80.0,47.0,,83.0,74.33333333,446,IDEPT3062,CE
SID20134007,Sem_1,94.0,71.0,78.0,71.0,75.0,45.0,86.0,74.28571429,520,IDEPT7005,CE
SID20149758,Sem_1,72.0,72.0,94.0,93.0,78.0,41.0,70.0,74.28571429,520,IDEPT1533,CE
SID20159982,Sem_1,97.0,87.0,61.0,55.0,43.0,100.0,77.0,74.28571429,520,IDEPT1533,CE
SID20145379,Sem_1,85.0,70.0,43.0,95.0,82.0,82.0,63.0,74.28571429,520,IDEPT2425,CE
SID20136752,Sem_1,53.0,73.0,71.0,88.0,74.0,85.0,76.0,74.28571429,520,IDEPT3062,CE
SID20162407,Sem_1,99.0,54.0,46.0,89.0,67.0,66.0,99.0,74.28571429,520,IDEPT7005,CE
SID20163764,Sem_1,97.0,72.0,65.0,48.0,97.0,57.0,83.0,74.14285714,519,IDEPT3778,CE
SID20159012,Sem_1,92.0,50.0,83.0,79.0,63.0,72.0,80.0,74.14285714,519,IDEPT1142,CE
SID20166824,Sem_1,90.0,89.0,62.0,92.0,62.0,50.0,74.0,74.14285714,519,IDEPT1825,CE
SID20166824,Sem_1,90.0,89.0,62.0,92.0,62.0,50.0,74.0,74.14285714,519,IDEPT1825,CE
SID20155851,Sem_1,97.0,68.0,84.0,62.0,86.0,52.0,70.0,74.14285714,519,IDEPT2425,CE
SID20156693,Sem_1,95.0,51.0,52.0,79.0,85.0,58.0,99.0,74.14285714,519,IDEPT3778,CE
SID20157312,Sem_1,73.0,83.0,93.0,66.0,87.0,52.0,65.0,74.14285714,519,IDEPT2425,CE
SID20164001,Sem_1,88.0,96.0,61.0,62.0,64.0,73.0,75.0,74.14285714,519,IDEPT7005,CE
SID20186174,Sem_1,88.0,83.0,46.0,93.0,71.0,96.0,42.0,74.14285714,519,IDEPT8313,CE
SID20157312,Sem_1,73.0,83.0,93.0,66.0,87.0,52.0,65.0,74.14285714,519,IDEPT2425,CE
SID20179677,Sem_1,82.0,57.0,80.0,62.0,80.0,58.0,100.0,74.14285714,519,IDEPT1533,CE
SID20188285,Sem_1,53.0,100.0,94.0,94.0,42.0,95.0,41.0,74.14285714,519,IDEPT1825,CE
SID20182796,Sem_1,76.0,64.0,93.0,88.0,70.0,73.0,54.0,74.0,518,IDEPT5408,CE
SID20144986,Sem_1,71.0,85.0,55.0,100.0,69.0,40.0,98.0,74.0,518,IDEPT1533,CE
SID20188464,Sem_1,71.0,95.0,49.0,44.0,97.0,,88.0,74.0,444,IDEPT5408,CE
SID20175781,Sem_1,54.0,85.0,76.0,99.0,54.0,56.0,94.0,74.0,518,IDEPT1142,CE
SID20163049,Sem_1,79.0,22.0,91.0,86.0,98.0,97.0,45.0,74.0,518,IDEPT8313,CE
SID20147265,Sem_1,41.0,75.0,96.0,85.0,89.0,80.0,52.0,74.0,518,IDEPT7783,CE
SID20152063,Sem_1,95.0,84.0,94.0,74.0,64.0,52.0,55.0,74.0,518,IDEPT7005,CE
SID20183652,Sem_1,42.0,49.0,82.0,94.0,85.0,82.0,84.0,74.0,518,IDEPT3062,CE
SID20163227,Sem_1,84.0,75.0,46.0,58.0,99.0,87.0,68.0,73.85714286,517,IDEPT5408,CE
SID20137672,Sem_1,57.0,82.0,59.0,50.0,90.0,81.0,98.0,73.85714286,517,IDEPT7005,CE
SID20139939,Sem_1,86.0,70.0,44.0,64.0,69.0,97.0,87.0,73.85714286,517,IDEPT1142,CE
SID20186071,Sem_1,96.0,85.0,98.0,71.0,77.0,46.0,44.0,73.85714286,517,IDEPT1825,CE
SID20167593,Sem_1,55.0,63.0,82.0,53.0,92.0,90.0,82.0,73.85714286,517,IDEPT3062,CE
SID20176974,Sem_1,74.0,54.0,42.0,80.0,82.0,97.0,88.0,73.85714286,517,IDEPT2425,CE
SID20187004,Sem_1,41.0,84.0,82.0,59.0,79.0,77.0,95.0,73.85714286,517,IDEPT3062,CE
SID20153618,Sem_1,50.0,88.0,64.0,73.0,73.0,85.0,84.0,73.85714286,517,IDEPT7005,CE
SID20148088,Sem_1,62.0,79.0,70.0,83.0,49.0,99.0,75.0,73.85714286,517,IDEPT8379,CE
SID20135717,Sem_1,90.0,94.0,70.0,91.0,41.0,69.0,62.0,73.85714286,517,IDEPT1825,CE
SID20188889,Sem_1,72.0,62.0,77.0,59.0,80.0,74.0,93.0,73.85714286,517,IDEPT1533,CE
SID20168703,Sem_1,94.0,52.0,93.0,77.0,56.0,71.0,,73.83333333,443,IDEPT5408,CE
SID20183417,Sem_1,61.0,92.0,,65.0,96.0,60.0,69.0,73.83333333,443,IDEPT3062,CE
SID20141814,Sem_1,74.0,72.0,89.0,72.0,64.0,100.0,45.0,73.71428571,516,IDEPT2425,CE
SID20133006,Sem_1,44.0,76.0,92.0,63.0,86.0,64.0,91.0,73.71428571,516,IDEPT2425,CE
SID20141886,Sem_1,76.0,88.0,49.0,89.0,68.0,89.0,57.0,73.71428571,516,IDEPT3778,CE
SID20161676,Sem_1,81.0,85.0,92.0,52.0,93.0,54.0,59.0,73.71428571,516,IDEPT3778,CE
SID20152256,Sem_1,61.0,61.0,89.0,82.0,100.0,46.0,77.0,73.71428571,516,IDEPT3778,CE
SID20135280,Sem_1,56.0,73.0,47.0,92.0,88.0,95.0,65.0,73.71428571,516,IDEPT1142,CE
SID20164055,Sem_1,91.0,82.0,59.0,57.0,98.0,46.0,83.0,73.71428571,516,IDEPT3778,CE
SID20171861,Sem_1,85.0,44.0,100.0,95.0,44.0,72.0,76.0,73.71428571,516,IDEPT7783,CE
SID20161572,Sem_1,76.0,63.0,50.0,91.0,62.0,94.0,80.0,73.71428571,516,IDEPT8313,CE
SID20131244,Sem_1,61.0,72.0,96.0,69.0,79.0,93.0,46.0,73.71428571,516,IDEPT1825,CE
SID20188416,Sem_1,59.0,80.0,58.0,86.0,74.0,96.0,63.0,73.71428571,516,IDEPT2425,CE
SID20165190,Sem_1,95.0,48.0,94.0,78.0,52.0,51.0,97.0,73.57142857,515,IDEPT8313,CE
SID20167752,Sem_1,50.0,95.0,99.0,69.0,96.0,55.0,51.0,73.57142857,515,IDEPT7783,CE
SID20171224,Sem_1,100.0,44.0,94.0,78.0,78.0,46.0,75.0,73.57142857,515,IDEPT8313,CE
SID20148356,Sem_1,96.0,70.0,66.0,60.0,71.0,100.0,52.0,73.57142857,515,IDEPT5408,CE
SID20166839,Sem_1,86.0,73.0,41.0,82.0,90.0,52.0,91.0,73.57142857,515,IDEPT8379,CE
SID20189254,Sem_1,47.0,80.0,83.0,84.0,94.0,43.0,84.0,73.57142857,515,IDEPT7005,CE
SID20189684,Sem_1,55.0,55.0,98.0,71.0,88.0,72.0,76.0,73.57142857,515,IDEPT7005,CE
SID20154703,Sem_1,100.0,68.0,,59.0,69.0,50.0,95.0,73.5,441,IDEPT2425,CE
SID20186999,Sem_1,86.0,,75.0,99.0,72.0,44.0,65.0,73.5,441,IDEPT3778,CE
SID20182516,Sem_1,77.0,65.0,89.0,93.0,49.0,48.0,93.0,73.42857143,514,IDEPT3062,CE
SID20138523,Sem_1,98.0,51.0,83.0,95.0,68.0,64.0,55.0,73.42857143,514,IDEPT1533,CE
SID20137424,Sem_1,95.0,56.0,80.0,79.0,86.0,69.0,49.0,73.42857143,514,IDEPT7783,CE
SID20176880,Sem_1,93.0,49.0,86.0,76.0,85.0,80.0,45.0,73.42857143,514,IDEPT1378,CE
SID20152570,Sem_1,62.0,58.0,89.0,63.0,63.0,80.0,99.0,73.42857143,514,IDEPT5408,CE
SID20181584,Sem_1,64.0,68.0,92.0,55.0,72.0,93.0,70.0,73.42857143,514,IDEPT2425,CE
SID20153669,Sem_1,87.0,78.0,43.0,91.0,100.0,44.0,70.0,73.28571429,513,IDEPT1378,CE
SID20145318,Sem_1,63.0,72.0,73.0,97.0,41.0,69.0,98.0,73.28571429,513,IDEPT1142,CE
SID20179280,Sem_1,79.0,100.0,96.0,49.0,77.0,45.0,67.0,73.28571429,513,IDEPT7783,CE
SID20146477,Sem_1,44.0,96.0,40.0,100.0,97.0,91.0,45.0,73.28571429,513,IDEPT7005,CE
SID20186445,Sem_1,57.0,96.0,97.0,88.0,80.0,50.0,45.0,73.28571429,513,IDEPT8379,CE
SID20168551,Sem_1,88.0,75.0,44.0,100.0,85.0,48.0,73.0,73.28571429,513,IDEPT1142,CE
SID20175862,Sem_1,59.0,,43.0,84.0,70.0,94.0,89.0,73.16666667,439,IDEPT2425,CE
SID20153698,Sem_1,61.0,53.0,100.0,87.0,69.0,83.0,59.0,73.14285714,512,IDEPT7783,CE
SID20176881,Sem_1,47.0,69.0,93.0,86.0,40.0,83.0,94.0,73.14285714,512,IDEPT5408,CE
SID20172815,Sem_1,75.0,87.0,89.0,62.0,53.0,47.0,99.0,73.14285714,512,IDEPT3778,CE
SID20175511,Sem_1,68.0,73.0,78.0,65.0,65.0,77.0,86.0,73.14285714,512,IDEPT7783,CE
SID20143111,Sem_1,98.0,49.0,93.0,55.0,100.0,68.0,48.0,73.0,511,IDEPT7783,CE
SID20142655,Sem_1,49.0,73.0,68.0,63.0,95.0,80.0,83.0,73.0,511,IDEPT5408,CE
SID20133106,Sem_1,52.0,51.0,90.0,94.0,65.0,77.0,82.0,73.0,511,IDEPT2425,CE
SID20147559,Sem_1,63.0,,85.0,91.0,71.0,73.0,55.0,73.0,438,IDEPT2425,CE
SID20149378,Sem_1,54.0,91.0,54.0,92.0,70.0,82.0,68.0,73.0,511,IDEPT5408,CE
SID20153106,Sem_1,68.0,87.0,81.0,53.0,99.0,53.0,70.0,73.0,511,IDEPT3062,CE
SID20172801,Sem_1,88.0,65.0,76.0,75.0,85.0,50.0,72.0,73.0,511,IDEPT8313,CE
SID20151403,Sem_1,80.0,94.0,83.0,52.0,70.0,65.0,67.0,73.0,511,IDEPT8313,CE
SID20135657,Sem_1,45.0,63.0,79.0,81.0,76.0,74.0,93.0,73.0,511,IDEPT3062,CE
SID20145059,Sem_1,98.0,79.0,52.0,50.0,85.0,68.0,79.0,73.0,511,IDEPT1378,CE
SID20146712,Sem_1,40.0,88.0,64.0,90.0,64.0,65.0,100.0,73.0,511,IDEPT1533,CE
SID20146579,Sem_1,76.0,85.0,62.0,42.0,57.0,91.0,97.0,72.85714286,510,IDEPT1533,CE
SID20147631,Sem_1,78.0,45.0,66.0,85.0,94.0,92.0,50.0,72.85714286,510,IDEPT5408,CE
SID20169699,Sem_1,53.0,100.0,96.0,65.0,58.0,56.0,82.0,72.85714286,510,IDEPT2425,CE
SID20154093,Sem_1,65.0,95.0,62.0,73.0,65.0,99.0,51.0,72.85714286,510,IDEPT7005,CE
SID20187828,Sem_1,89.0,73.0,52.0,67.0,98.0,76.0,55.0,72.85714286,510,IDEPT1378,CE
SID20171525,Sem_1,52.0,70.0,,99.0,64.0,55.0,97.0,72.83333333,437,IDEPT1378,CE
SID20157729,Sem_1,48.0,95.0,77.0,70.0,67.0,88.0,64.0,72.71428571,509,IDEPT2425,CE
SID20178229,Sem_1,92.0,57.0,90.0,88.0,90.0,49.0,43.0,72.71428571,509,IDEPT8313,CE
SID20156639,Sem_1,96.0,98.0,57.0,92.0,55.0,67.0,44.0,72.71428571,509,IDEPT8379,CE
SID20181855,Sem_1,93.0,62.0,87.0,62.0,91.0,52.0,62.0,72.71428571,509,IDEPT3062,CE
SID20164926,Sem_1,73.0,48.0,71.0,81.0,59.0,99.0,78.0,72.71428571,509,IDEPT1825,CE
SID20185533,Sem_1,63.0,50.0,100.0,74.0,73.0,100.0,49.0,72.71428571,509,IDEPT5408,CE
SID20143436,Sem_1,96.0,61.0,57.0,98.0,40.0,77.0,80.0,72.71428571,509,IDEPT1533,CE
SID20149261,Sem_1,55.0,69.0,64.0,95.0,94.0,61.0,71.0,72.71428571,509,IDEPT7005,CE
SID20181152,Sem_1,54.0,48.0,77.0,,67.0,96.0,94.0,72.66666667,436,IDEPT1378,CE
SID20133756,Sem_1,60.0,,64.0,45.0,88.0,96.0,83.0,72.66666667,436,IDEPT1533,CE
SID20187171,Sem_1,75.0,75.0,100.0,76.0,85.0,57.0,40.0,72.57142857,508,IDEPT5408,CE
SID20147641,Sem_1,57.0,89.0,56.0,60.0,92.0,84.0,70.0,72.57142857,508,IDEPT7783,CE
SID20156562,Sem_1,86.0,81.0,81.0,72.0,83.0,50.0,55.0,72.57142857,508,IDEPT7783,CE
SID20135282,Sem_1,97.0,65.0,74.0,74.0,93.0,56.0,49.0,72.57142857,508,IDEPT3062,CE
SID20161133,Sem_1,69.0,75.0,88.0,44.0,99.0,48.0,85.0,72.57142857,508,IDEPT7005,CE
SID20154254,Sem_1,58.0,99.0,79.0,85.0,70.0,40.0,77.0,72.57142857,508,IDEPT8379,CE
SID20145232,Sem_1,82.0,82.0,55.0,74.0,54.0,71.0,90.0,72.57142857,508,IDEPT2425,CE
SID20177645,Sem_1,52.0,45.0,96.0,40.0,81.0,96.0,98.0,72.57142857,508,IDEPT5408,CE
SID20175620,Sem_1,45.0,81.0,56.0,93.0,43.0,90.0,100.0,72.57142857,508,IDEPT8313,CE
SID20135146,Sem_1,92.0,46.0,80.0,90.0,85.0,68.0,47.0,72.57142857,508,IDEPT7005,CE
SID20144129,Sem_1,64.0,82.0,68.0,77.0,83.0,52.0,82.0,72.57142857,508,IDEPT7005,CE
SID20151952,Sem_1,51.0,54.0,,78.0,82.0,75.0,95.0,72.5,435,IDEPT1533,CE
SID20131384,Sem_1,91.0,,84.0,58.0,80.0,46.0,76.0,72.5,435,IDEPT1533,CE
SID20134870,Sem_1,91.0,51.0,54.0,70.0,93.0,76.0,,72.5,435,IDEPT3062,CE
SID20168252,Sem_1,40.0,82.0,93.0,95.0,82.0,46.0,69.0,72.42857143,507,IDEPT7783,CE
SID20189419,Sem_1,55.0,83.0,91.0,61.0,85.0,84.0,48.0,72.42857143,507,IDEPT2425,CE
SID20184938,Sem_1,54.0,88.0,60.0,96.0,96.0,45.0,68.0,72.42857143,507,IDEPT1825,CE
SID20154755,Sem_1,55.0,97.0,40.0,93.0,96.0,66.0,60.0,72.42857143,507,IDEPT3062,CE
SID20154755,Sem_1,55.0,97.0,40.0,93.0,96.0,66.0,60.0,72.42857143,507,IDEPT3062,CE
SID20141292,Sem_1,52.0,82.0,54.0,61.0,80.0,95.0,83.0,72.42857143,507,IDEPT7783,CE
SID20166040,Sem_1,68.0,86.0,83.0,46.0,78.0,93.0,53.0,72.42857143,507,IDEPT8379,CE
SID20175677,Sem_1,47.0,94.0,69.0,90.0,74.0,46.0,87.0,72.42857143,507,IDEPT2425,CE
SID20163912,Sem_1,99.0,43.0,59.0,85.0,58.0,81.0,82.0,72.42857143,507,IDEPT2425,CE
SID20163494,Sem_1,48.0,74.0,84.0,87.0,67.0,68.0,79.0,72.42857143,507,IDEPT8313,CE
SID20137215,Sem_1,72.0,91.0,41.0,46.0,95.0,89.0,,72.33333333,434,IDEPT2425,CE
SID20154318,Sem_1,63.0,89.0,46.0,72.0,,77.0,87.0,72.33333333,434,IDEPT1825,CE
SID20131582,Sem_1,87.0,98.0,20.0,78.0,52.0,73.0,98.0,72.28571429,506,IDEPT7783,CE
SID20172249,Sem_1,76.0,67.0,60.0,65.0,96.0,76.0,66.0,72.28571429,506,IDEPT5408,CE
SID20146509,Sem_1,100.0,98.0,59.0,41.0,86.0,56.0,66.0,72.28571429,506,IDEPT8379,CE
SID20148575,Sem_1,66.0,66.0,78.0,59.0,84.0,90.0,63.0,72.28571429,506,IDEPT8313,CE
SID20164182,Sem_1,47.0,100.0,67.0,100.0,62.0,47.0,83.0,72.28571429,506,IDEPT1533,CE
SID20154613,Sem_1,82.0,59.0,74.0,93.0,63.0,50.0,85.0,72.28571429,506,IDEPT3778,CE
SID20173933,Sem_1,80.0,68.0,86.0,19.0,72.0,99.0,82.0,72.28571429,506,IDEPT1825,CE
SID20184519,Sem_1,49.0,55.0,,74.0,74.0,89.0,92.0,72.16666667,433,IDEPT3062,CE
SID20136208,Sem_1,,96.0,93.0,65.0,62.0,62.0,55.0,72.16666667,433,IDEPT1825,CE
SID20167637,Sem_1,,42.0,79.0,73.0,85.0,87.0,67.0,72.16666667,433,IDEPT5408,CE
SID20167637,Sem_1,,42.0,79.0,73.0,85.0,87.0,67.0,72.16666667,433,IDEPT5408,CE
SID20174582,Sem_1,81.0,62.0,68.0,60.0,87.0,65.0,82.0,72.14285714,505,IDEPT2425,CE
SID20142416,Sem_1,44.0,54.0,60.0,92.0,88.0,71.0,96.0,72.14285714,505,IDEPT2425,CE
SID20133797,Sem_1,66.0,75.0,71.0,64.0,97.0,92.0,40.0,72.14285714,505,IDEPT1825,CE
SID20131703,Sem_1,56.0,73.0,83.0,90.0,97.0,47.0,58.0,72.0,504,IDEPT1142,CE
SID20137434,Sem_1,72.0,80.0,65.0,51.0,76.0,77.0,83.0,72.0,504,IDEPT1378,CE
SID20159750,Sem_1,98.0,89.0,44.0,45.0,88.0,67.0,73.0,72.0,504,IDEPT1142,CE
SID20134820,Sem_1,94.0,78.0,59.0,94.0,50.0,84.0,45.0,72.0,504,IDEPT8379,CE
SID20146492,Sem_1,72.0,72.0,67.0,,51.0,88.0,82.0,72.0,432,IDEPT8379,CE
SID20135339,Sem_1,84.0,43.0,93.0,,60.0,83.0,69.0,72.0,432,IDEPT1142,CE
SID20176597,Sem_1,56.0,73.0,98.0,66.0,74.0,97.0,40.0,72.0,504,IDEPT7783,CE
SID20178759,Sem_1,61.0,93.0,49.0,99.0,51.0,89.0,62.0,72.0,504,IDEPT7783,CE
SID20138394,Sem_1,72.0,100.0,27.0,,59.0,80.0,94.0,72.0,432,IDEPT3778,CE
SID20171143,Sem_1,53.0,98.0,82.0,42.0,87.0,84.0,58.0,72.0,504,IDEPT3062,CE
SID20158299,Sem_1,77.0,89.0,97.0,59.0,46.0,65.0,71.0,72.0,504,IDEPT8313,CE
SID20165627,Sem_1,72.0,80.0,58.0,,72.0,78.0,,72.0,360,IDEPT8313,CE
SID20131754,Sem_1,82.0,84.0,57.0,41.0,98.0,59.0,83.0,72.0,504,IDEPT7783,CE
SID20131949,Sem_1,57.0,44.0,91.0,100.0,74.0,77.0,60.0,71.85714286,503,IDEPT8313,CE
SID20142798,Sem_1,52.0,86.0,74.0,41.0,90.0,96.0,64.0,71.85714286,503,IDEPT7783,CE
SID20161221,Sem_1,63.0,94.0,62.0,57.0,,77.0,78.0,71.83333333,431,IDEPT1378,CE
SID20158718,Sem_1,43.0,100.0,68.0,,65.0,61.0,94.0,71.83333333,431,IDEPT1533,CE
SID20145847,Sem_1,62.0,58.0,58.0,70.0,67.0,91.0,96.0,71.71428571,502,IDEPT7005,CE
SID20143163,Sem_1,57.0,94.0,92.0,85.0,41.0,60.0,73.0,71.71428571,502,IDEPT3778,CE
SID20165623,Sem_1,54.0,78.0,98.0,53.0,80.0,71.0,68.0,71.71428571,502,IDEPT2425,CE
SID20182164,Sem_1,52.0,67.0,73.0,40.0,95.0,75.0,100.0,71.71428571,502,IDEPT3062,CE
SID20182309,Sem_1,61.0,95.0,44.0,93.0,71.0,74.0,64.0,71.71428571,502,IDEPT3778,CE
SID20153285,Sem_1,46.0,96.0,,41.0,95.0,69.0,83.0,71.66666667,430,IDEPT8313,CE
SID20161660,Sem_1,51.0,97.0,65.0,90.0,58.0,69.0,71.0,71.57142857,501,IDEPT8313,CE
SID20142970,Sem_1,42.0,48.0,67.0,89.0,99.0,85.0,71.0,71.57142857,501,IDEPT1378,CE
SID20143437,Sem_1,67.0,91.0,84.0,89.0,48.0,44.0,78.0,71.57142857,501,IDEPT3778,CE
SID20155129,Sem_1,71.0,54.0,81.0,82.0,81.0,55.0,77.0,71.57142857,501,IDEPT1378,CE
SID20156201,Sem_1,78.0,47.0,96.0,85.0,40.0,83.0,72.0,71.57142857,501,IDEPT3062,CE
SID20147931,Sem_1,57.0,46.0,83.0,97.0,66.0,63.0,89.0,71.57142857,501,IDEPT7005,CE
SID20149769,Sem_1,50.0,97.0,82.0,65.0,72.0,62.0,73.0,71.57142857,501,IDEPT3778,CE
SID20132137,Sem_1,60.0,93.0,41.0,71.0,86.0,64.0,86.0,71.57142857,501,IDEPT8313,CE
SID20145613,Sem_1,52.0,48.0,75.0,76.0,83.0,,95.0,71.5,429,IDEPT7005,CE
SID20165910,Sem_1,68.0,65.0,75.0,85.0,,57.0,79.0,71.5,429,IDEPT2425,CE
SID20165910,Sem_1,68.0,65.0,75.0,85.0,,57.0,79.0,71.5,429,IDEPT2425,CE
SID20163209,Sem_1,94.0,90.0,44.0,46.0,68.0,82.0,76.0,71.42857143,500,IDEPT1533,CE
SID20142066,Sem_1,52.0,70.0,96.0,90.0,53.0,96.0,43.0,71.42857143,500,IDEPT5408,CE
SID20152067,Sem_1,73.0,82.0,66.0,41.0,72.0,82.0,84.0,71.42857143,500,IDEPT8313,CE
SID20189154,Sem_1,89.0,69.0,97.0,93.0,43.0,45.0,64.0,71.42857143,500,IDEPT8379,CE
SID20173608,Sem_1,70.0,74.0,76.0,61.0,74.0,84.0,61.0,71.42857143,500,IDEPT8313,CE
SID20186835,Sem_1,88.0,66.0,75.0,41.0,84.0,60.0,86.0,71.42857143,500,IDEPT1825,CE
SID20154045,Sem_1,90.0,94.0,41.0,90.0,83.0,53.0,49.0,71.42857143,500,IDEPT2425,CE
SID20147103,Sem_1,77.0,56.0,95.0,92.0,99.0,40.0,41.0,71.42857143,500,IDEPT2425,CE
SID20155312,Sem_1,99.0,92.0,59.0,46.0,63.0,80.0,61.0,71.42857143,500,IDEPT8379,CE
SID20137092,Sem_1,92.0,51.0,91.0,86.0,83.0,52.0,45.0,71.42857143,500,IDEPT7783,CE
SID20158274,Sem_1,80.0,56.0,92.0,98.0,75.0,80.0,19.0,71.42857143,500,IDEPT1378,CE
SID20158333,Sem_1,,57.0,59.0,80.0,95.0,60.0,77.0,71.33333333,428,IDEPT5408,CE
SID20135100,Sem_1,46.0,68.0,,94.0,97.0,44.0,79.0,71.33333333,428,IDEPT8379,CE
SID20184826,Sem_1,54.0,85.0,78.0,62.0,66.0,73.0,81.0,71.28571429,499,IDEPT7005,CE
SID20174650,Sem_1,76.0,90.0,48.0,75.0,59.0,55.0,96.0,71.28571429,499,IDEPT1533,CE
SID20176307,Sem_1,93.0,59.0,42.0,75.0,96.0,54.0,80.0,71.28571429,499,IDEPT1533,CE
SID20145773,Sem_1,84.0,47.0,68.0,45.0,94.0,62.0,99.0,71.28571429,499,IDEPT1825,CE
SID20187615,Sem_1,61.0,65.0,61.0,75.0,79.0,87.0,71.0,71.28571429,499,IDEPT8313,CE
SID20141326,Sem_1,61.0,57.0,60.0,70.0,97.0,77.0,77.0,71.28571429,499,IDEPT8313,CE
SID20137440,Sem_1,61.0,64.0,92.0,67.0,44.0,71.0,100.0,71.28571429,499,IDEPT3062,CE
SID20174511,Sem_1,76.0,45.0,87.0,90.0,,56.0,73.0,71.16666667,427,IDEPT1142,CE
SID20185389,Sem_1,89.0,49.0,82.0,72.0,41.0,65.0,100.0,71.14285714,498,IDEPT1378,CE
SID20156416,Sem_1,97.0,44.0,46.0,94.0,49.0,98.0,70.0,71.14285714,498,IDEPT1142,CE
SID20143221,Sem_1,74.0,87.0,100.0,58.0,77.0,49.0,53.0,71.14285714,498,IDEPT7005,CE
SID20185731,Sem_1,47.0,79.0,99.0,89.0,42.0,74.0,68.0,71.14285714,498,IDEPT7005,CE
SID20175166,Sem_1,60.0,61.0,76.0,55.0,91.0,94.0,61.0,71.14285714,498,IDEPT1142,CE
SID20168048,Sem_1,92.0,65.0,70.0,81.0,60.0,83.0,47.0,71.14285714,498,IDEPT2425,CE
SID20159712,Sem_1,77.0,68.0,44.0,87.0,63.0,95.0,64.0,71.14285714,498,IDEPT2425,CE
SID20182169,Sem_1,80.0,69.0,57.0,56.0,91.0,98.0,47.0,71.14285714,498,IDEPT1142,CE
SID20139373,Sem_1,91.0,98.0,42.0,41.0,97.0,50.0,79.0,71.14285714,498,IDEPT8379,CE
SID20165443,Sem_1,70.0,52.0,85.0,,75.0,96.0,48.0,71.0,426,IDEPT3062,CE
SID20183970,Sem_1,80.0,64.0,43.0,78.0,58.0,97.0,77.0,71.0,497,IDEPT3062,CE
SID20166850,Sem_1,78.0,54.0,95.0,75.0,87.0,60.0,48.0,71.0,497,IDEPT2425,CE
SID20182597,Sem_1,86.0,59.0,73.0,63.0,94.0,79.0,43.0,71.0,497,IDEPT5408,CE
SID20132360,Sem_1,54.0,94.0,69.0,74.0,58.0,78.0,70.0,71.0,497,IDEPT8313,CE
SID20137973,Sem_1,45.0,61.0,90.0,62.0,80.0,60.0,99.0,71.0,497,IDEPT3778,CE
SID20167916,Sem_1,95.0,59.0,48.0,88.0,60.0,76.0,71.0,71.0,497,IDEPT1142,CE
SID20149456,Sem_1,73.0,75.0,81.0,45.0,51.0,86.0,86.0,71.0,497,IDEPT1142,CE
SID20142218,Sem_1,45.0,62.0,90.0,98.0,52.0,70.0,80.0,71.0,497,IDEPT5408,CE
SID20132777,Sem_1,70.0,41.0,55.0,70.0,92.0,79.0,89.0,70.85714286,496,IDEPT8313,CE
SID20174481,Sem_1,44.0,77.0,93.0,61.0,85.0,63.0,73.0,70.85714286,496,IDEPT1142,CE
SID20168364,Sem_1,84.0,95.0,67.0,89.0,67.0,26.0,68.0,70.85714286,496,IDEPT7783,CE
SID20177020,Sem_1,68.0,50.0,97.0,89.0,42.0,68.0,82.0,70.85714286,496,IDEPT1142,CE
SID20165914,Sem_1,66.0,61.0,96.0,65.0,86.0,50.0,71.0,70.71428571,495,IDEPT3062,CE
SID20185724,Sem_1,96.0,67.0,25.0,60.0,55.0,100.0,92.0,70.71428571,495,IDEPT1142,CE
SID20183806,Sem_1,70.0,51.0,80.0,67.0,81.0,81.0,65.0,70.71428571,495,IDEPT3062,CE
SID20161546,Sem_1,74.0,69.0,40.0,92.0,90.0,80.0,50.0,70.71428571,495,IDEPT5408,CE
SID20171963,Sem_1,61.0,80.0,67.0,50.0,99.0,47.0,91.0,70.71428571,495,IDEPT1142,CE
SID20171963,Sem_1,61.0,80.0,67.0,50.0,99.0,47.0,91.0,70.71428571,495,IDEPT1142,CE
SID20155825,Sem_1,55.0,67.0,85.0,51.0,55.0,100.0,82.0,70.71428571,495,IDEPT1378,CE
SID20175742,Sem_1,42.0,71.0,74.0,81.0,61.0,96.0,70.0,70.71428571,495,IDEPT8379,CE
SID20148226,Sem_1,67.0,87.0,75.0,,98.0,41.0,56.0,70.66666667,424,IDEPT8313,CE
SID20163801,Sem_1,68.0,47.0,96.0,79.0,68.0,64.0,72.0,70.57142857,494,IDEPT2425,CE
SID20172787,Sem_1,84.0,58.0,55.0,93.0,87.0,46.0,71.0,70.57142857,494,IDEPT7005,CE
SID20136724,Sem_1,54.0,70.0,61.0,56.0,97.0,60.0,96.0,70.57142857,494,IDEPT3062,CE
SID20177394,Sem_1,54.0,80.0,74.0,67.0,96.0,47.0,76.0,70.57142857,494,IDEPT8313,CE
SID20154525,Sem_1,58.0,100.0,69.0,48.0,67.0,76.0,76.0,70.57142857,494,IDEPT1142,CE
SID20132839,Sem_1,47.0,74.0,68.0,93.0,47.0,67.0,98.0,70.57142857,494,IDEPT8313,CE
SID20162187,Sem_1,96.0,68.0,45.0,42.0,99.0,96.0,48.0,70.57142857,494,IDEPT1825,CE
SID20189720,Sem_1,,61.0,40.0,98.0,52.0,74.0,98.0,70.5,423,IDEPT1825,CE
SID20177417,Sem_1,64.0,,76.0,71.0,65.0,57.0,90.0,70.5,423,IDEPT5408,CE
SID20131946,Sem_1,63.0,68.0,97.0,52.0,57.0,,86.0,70.5,423,IDEPT3062,CE
SID20178666,Sem_1,84.0,58.0,94.0,71.0,44.0,78.0,64.0,70.42857143,493,IDEPT7783,CE
SID20176586,Sem_1,72.0,94.0,64.0,88.0,41.0,63.0,71.0,70.42857143,493,IDEPT7005,CE
SID20177033,Sem_1,69.0,50.0,87.0,78.0,54.0,73.0,82.0,70.42857143,493,IDEPT7783,CE
SID20133507,Sem_1,72.0,71.0,50.0,70.0,54.0,85.0,91.0,70.42857143,493,IDEPT1142,CE
SID20188910,Sem_1,74.0,48.0,62.0,94.0,72.0,93.0,50.0,70.42857143,493,IDEPT1533,CE
SID20165347,Sem_1,74.0,68.0,81.0,73.0,45.0,79.0,73.0,70.42857143,493,IDEPT3062,CE
SID20145553,Sem_1,58.0,63.0,99.0,99.0,90.0,44.0,40.0,70.42857143,493,IDEPT3062,CE
SID20179451,Sem_1,,79.0,79.0,64.0,57.0,44.0,99.0,70.33333333,422,IDEPT3778,CE
SID20153198,Sem_1,46.0,98.0,83.0,40.0,57.0,78.0,90.0,70.28571429,492,IDEPT8379,CE
SID20173493,Sem_1,72.0,58.0,86.0,57.0,66.0,62.0,91.0,70.28571429,492,IDEPT3778,CE
SID20163063,Sem_1,56.0,98.0,78.0,54.0,84.0,45.0,77.0,70.28571429,492,IDEPT1533,CE
SID20149062,Sem_1,75.0,66.0,47.0,61.0,96.0,88.0,59.0,70.28571429,492,IDEPT7005,CE
SID20163951,Sem_1,42.0,82.0,63.0,99.0,40.0,88.0,78.0,70.28571429,492,IDEPT8313,CE
SID20134891,Sem_1,70.0,91.0,91.0,78.0,47.0,41.0,74.0,70.28571429,492,IDEPT1378,CE
SID20173493,Sem_1,72.0,58.0,86.0,57.0,66.0,62.0,91.0,70.28571429,492,IDEPT3778,CE
SID20165903,Sem_1,46.0,92.0,47.0,73.0,52.0,90.0,92.0,70.28571429,492,IDEPT3778,CE
SID20164260,Sem_1,76.0,50.0,100.0,54.0,61.0,81.0,70.0,70.28571429,492,IDEPT8379,CE
SID20173216,Sem_1,,87.0,45.0,82.0,65.0,72.0,,70.2,351,IDEPT5408,CE
SID20138909,Sem_1,72.0,65.0,,40.0,78.0,72.0,94.0,70.16666667,421,IDEPT1825,CE
SID20165403,Sem_1,94.0,65.0,41.0,67.0,90.0,64.0,,70.16666667,421,IDEPT1825,CE
SID20154919,Sem_1,55.0,100.0,81.0,52.0,86.0,66.0,51.0,70.14285714,491,IDEPT5408,CE
SID20183690,Sem_1,52.0,71.0,65.0,60.0,91.0,83.0,69.0,70.14285714,491,IDEPT1378,CE
SID20138509,Sem_1,95.0,59.0,74.0,80.0,40.0,52.0,91.0,70.14285714,491,IDEPT7783,CE
SID20168082,Sem_1,67.0,75.0,80.0,86.0,57.0,77.0,49.0,70.14285714,491,IDEPT8379,CE
SID20176540,Sem_1,45.0,63.0,47.0,77.0,90.0,99.0,70.0,70.14285714,491,IDEPT1533,CE
SID20152241,Sem_1,59.0,73.0,42.0,96.0,48.0,89.0,84.0,70.14285714,491,IDEPT1142,CE
SID20176718,Sem_1,48.0,52.0,74.0,82.0,77.0,93.0,65.0,70.14285714,491,IDEPT1533,CE
SID20184803,Sem_1,41.0,65.0,65.0,69.0,92.0,80.0,79.0,70.14285714,491,IDEPT3778,CE
SID20169810,Sem_1,71.0,46.0,99.0,45.0,53.0,96.0,81.0,70.14285714,491,IDEPT3062,CE
SID20147273,Sem_1,83.0,87.0,90.0,88.0,61.0,53.0,29.0,70.14285714,491,IDEPT3062,CE
SID20151623,Sem_1,54.0,51.0,80.0,87.0,55.0,66.0,98.0,70.14285714,491,IDEPT1825,CE
SID20163645,Sem_1,79.0,44.0,80.0,100.0,47.0,80.0,60.0,70.0,490,IDEPT2425,CE
SID20186609,Sem_1,80.0,92.0,83.0,52.0,65.0,74.0,44.0,70.0,490,IDEPT3778,CE
SID20188220,Sem_1,97.0,88.0,42.0,58.0,53.0,100.0,52.0,70.0,490,IDEPT3062,CE
SID20188220,Sem_1,97.0,88.0,42.0,58.0,53.0,100.0,52.0,70.0,490,IDEPT3062,CE
SID20174079,Sem_1,49.0,72.0,83.0,41.0,63.0,82.0,100.0,70.0,490,IDEPT5408,CE
SID20144440,Sem_1,82.0,54.0,81.0,58.0,82.0,61.0,72.0,70.0,490,IDEPT1378,CE
SID20172330,Sem_1,57.0,56.0,51.0,93.0,,88.0,75.0,70.0,420,IDEPT8379,CE
SID20146790,Sem_1,62.0,50.0,99.0,47.0,66.0,98.0,68.0,70.0,490,IDEPT3778,CE
SID20174717,Sem_1,64.0,59.0,48.0,90.0,96.0,40.0,93.0,70.0,490,IDEPT1142,CE
SID20164053,Sem_1,54.0,91.0,,58.0,80.0,50.0,87.0,70.0,420,IDEPT1533,CE
SID20187448,Sem_1,77.0,63.0,64.0,97.0,61.0,45.0,82.0,69.85714286,489,IDEPT8379,CE
SID20184196,Sem_1,61.0,68.0,58.0,96.0,78.0,44.0,84.0,69.85714286,489,IDEPT5408,CE
SID20148351,Sem_1,56.0,77.0,82.0,45.0,91.0,64.0,74.0,69.85714286,489,IDEPT8313,CE
SID20133120,Sem_1,67.0,56.0,66.0,73.0,75.0,62.0,90.0,69.85714286,489,IDEPT7005,CE
SID20143860,Sem_1,88.0,52.0,91.0,72.0,71.0,72.0,43.0,69.85714286,489,IDEPT3778,CE
SID20183673,Sem_1,97.0,62.0,49.0,47.0,97.0,65.0,72.0,69.85714286,489,IDEPT1533,CE
SID20163102,Sem_1,47.0,87.0,89.0,66.0,51.0,82.0,67.0,69.85714286,489,IDEPT1533,CE
SID20134704,Sem_1,62.0,88.0,46.0,59.0,68.0,96.0,70.0,69.85714286,489,IDEPT1142,CE
SID20159677,Sem_1,78.0,100.0,83.0,44.0,77.0,64.0,43.0,69.85714286,489,IDEPT1533,CE
SID20153824,Sem_1,51.0,75.0,90.0,66.0,91.0,69.0,46.0,69.71428571,488,IDEPT8379,CE
SID20148281,Sem_1,71.0,89.0,70.0,48.0,75.0,83.0,52.0,69.71428571,488,IDEPT3062,CE
SID20156449,Sem_1,76.0,73.0,47.0,55.0,81.0,80.0,76.0,69.71428571,488,IDEPT8379,CE
SID20138248,Sem_1,97.0,88.0,65.0,70.0,52.0,61.0,55.0,69.71428571,488,IDEPT8379,CE
SID20134214,Sem_1,96.0,81.0,97.0,40.0,46.0,53.0,75.0,69.71428571,488,IDEPT1378,CE
SID20142868,Sem_1,82.0,76.0,68.0,54.0,45.0,65.0,98.0,69.71428571,488,IDEPT8313,CE
SID20158488,Sem_1,75.0,40.0,76.0,89.0,78.0,90.0,40.0,69.71428571,488,IDEPT1142,CE
SID20148478,Sem_1,55.0,96.0,97.0,66.0,49.0,51.0,74.0,69.71428571,488,IDEPT8313,CE
SID20142944,Sem_1,42.0,72.0,77.0,80.0,88.0,74.0,55.0,69.71428571,488,IDEPT8379,CE
SID20152758,Sem_1,85.0,50.0,91.0,84.0,60.0,62.0,56.0,69.71428571,488,IDEPT1378,CE
SID20131143,Sem_1,44.0,74.0,80.0,44.0,95.0,61.0,90.0,69.71428571,488,IDEPT7783,CE
SID20174029,Sem_1,67.0,80.0,44.0,51.0,81.0,76.0,89.0,69.71428571,488,IDEPT3778,CE
SID20164638,Sem_1,47.0,85.0,88.0,70.0,25.0,83.0,90.0,69.71428571,488,IDEPT3778,CE
SID20158868,Sem_1,50.0,68.0,,97.0,49.0,58.0,96.0,69.66666667,418,IDEPT8313,CE
SID20188743,Sem_1,47.0,72.0,,54.0,100.0,49.0,96.0,69.66666667,418,IDEPT7005,CE
SID20161188,Sem_1,92.0,81.0,94.0,45.0,41.0,53.0,81.0,69.57142857,487,IDEPT3778,CE
SID20155800,Sem_1,81.0,58.0,91.0,48.0,65.0,84.0,60.0,69.57142857,487,IDEPT2425,CE
SID20133506,Sem_1,85.0,60.0,76.0,72.0,64.0,40.0,90.0,69.57142857,487,IDEPT1825,CE
SID20133506,Sem_1,85.0,60.0,76.0,72.0,64.0,40.0,90.0,69.57142857,487,IDEPT1825,CE
SID20155800,Sem_1,81.0,58.0,91.0,48.0,65.0,84.0,60.0,69.57142857,487,IDEPT2425,CE
SID20136967,Sem_1,46.0,64.0,89.0,77.0,86.0,47.0,78.0,69.57142857,487,IDEPT3778,CE
SID20168836,Sem_1,82.0,81.0,48.0,52.0,61.0,98.0,65.0,69.57142857,487,IDEPT7005,CE
SID20161957,Sem_1,50.0,63.0,46.0,81.0,79.0,94.0,74.0,69.57142857,487,IDEPT3062,CE
SID20173720,Sem_1,68.0,80.0,97.0,48.0,49.0,74.0,71.0,69.57142857,487,IDEPT5408,CE
SID20178308,Sem_1,68.0,77.0,99.0,92.0,49.0,41.0,61.0,69.57142857,487,IDEPT1142,CE
SID20147963,Sem_1,95.0,82.0,40.0,79.0,50.0,71.0,,69.5,417,IDEPT2425,CE
SID20148959,Sem_1,61.0,66.0,68.0,69.0,99.0,96.0,27.0,69.42857143,486,IDEPT7005,CE
SID20173656,Sem_1,100.0,44.0,80.0,83.0,81.0,49.0,49.0,69.42857143,486,IDEPT3778,CE
SID20177601,Sem_1,63.0,49.0,93.0,47.0,53.0,98.0,83.0,69.42857143,486,IDEPT8379,CE
SID20137797,Sem_1,85.0,73.0,82.0,47.0,83.0,50.0,66.0,69.42857143,486,IDEPT5408,CE
SID20172378,Sem_1,58.0,44.0,90.0,41.0,79.0,91.0,83.0,69.42857143,486,IDEPT8313,CE
SID20132766,Sem_1,82.0,99.0,70.0,41.0,74.0,56.0,64.0,69.42857143,486,IDEPT1378,CE
SID20148623,Sem_1,51.0,29.0,97.0,77.0,87.0,66.0,79.0,69.42857143,486,IDEPT5408,CE
SID20181783,Sem_1,90.0,62.0,62.0,72.0,70.0,40.0,90.0,69.42857143,486,IDEPT3062,CE
SID20161269,Sem_1,46.0,76.0,40.0,55.0,94.0,81.0,94.0,69.42857143,486,IDEPT8313,CE
SID20179799,Sem_1,53.0,,48.0,50.0,93.0,90.0,82.0,69.33333333,416,IDEPT8379,CE
SID20184178,Sem_1,,58.0,85.0,64.0,70.0,52.0,87.0,69.33333333,416,IDEPT7005,CE
SID20161464,Sem_1,85.0,40.0,81.0,57.0,64.0,71.0,87.0,69.28571429,485,IDEPT3778,CE
SID20158111,Sem_1,75.0,45.0,51.0,89.0,77.0,71.0,77.0,69.28571429,485,IDEPT7783,CE
SID20144989,Sem_1,51.0,47.0,97.0,86.0,79.0,43.0,82.0,69.28571429,485,IDEPT1142,CE
SID20183205,Sem_1,58.0,,59.0,,97.0,92.0,40.0,69.2,346,IDEPT1142,CE
SID20141514,Sem_1,82.0,73.0,71.0,53.0,,68.0,68.0,69.16666667,415,IDEPT7783,CE
SID20157279,Sem_1,61.0,48.0,56.0,93.0,74.0,97.0,55.0,69.14285714,484,IDEPT8379,CE
SID20173880,Sem_1,54.0,87.0,60.0,74.0,71.0,71.0,67.0,69.14285714,484,IDEPT3778,CE
SID20148516,Sem_1,50.0,85.0,80.0,69.0,76.0,81.0,43.0,69.14285714,484,IDEPT3062,CE
SID20178689,Sem_1,92.0,51.0,88.0,40.0,79.0,66.0,68.0,69.14285714,484,IDEPT3062,CE
SID20147339,Sem_1,95.0,45.0,67.0,67.0,74.0,62.0,74.0,69.14285714,484,IDEPT3778,CE
SID20169434,Sem_1,88.0,66.0,85.0,51.0,69.0,82.0,43.0,69.14285714,484,IDEPT8313,CE
SID20185275,Sem_1,72.0,65.0,79.0,53.0,55.0,95.0,65.0,69.14285714,484,IDEPT1533,CE
SID20167478,Sem_1,86.0,56.0,80.0,74.0,59.0,63.0,66.0,69.14285714,484,IDEPT2425,CE
SID20143186,Sem_1,47.0,99.0,40.0,95.0,77.0,61.0,65.0,69.14285714,484,IDEPT8313,CE
SID20143186,Sem_1,47.0,99.0,40.0,95.0,77.0,61.0,65.0,69.14285714,484,IDEPT8313,CE
SID20164837,Sem_1,61.0,60.0,71.0,63.0,81.0,73.0,75.0,69.14285714,484,IDEPT7005,CE
SID20152616,Sem_1,51.0,61.0,70.0,82.0,71.0,74.0,75.0,69.14285714,484,IDEPT7005,CE
SID20143483,Sem_1,47.0,84.0,85.0,67.0,65.0,50.0,86.0,69.14285714,484,IDEPT7005,CE
SID20143483,Sem_1,47.0,84.0,85.0,67.0,65.0,50.0,86.0,69.14285714,484,IDEPT7005,CE
SID20185240,Sem_1,57.0,70.0,59.0,73.0,72.0,77.0,76.0,69.14285714,484,IDEPT3778,CE
SID20143917,Sem_1,49.0,66.0,83.0,54.0,92.0,85.0,55.0,69.14285714,484,IDEPT7783,CE
SID20165862,Sem_1,81.0,59.0,57.0,72.0,98.0,44.0,72.0,69.0,483,IDEPT3778,CE
SID20134830,Sem_1,65.0,87.0,71.0,49.0,59.0,92.0,60.0,69.0,483,IDEPT8313,CE
SID20168034,Sem_1,40.0,57.0,96.0,52.0,68.0,70.0,100.0,69.0,483,IDEPT3062,CE
SID20188040,Sem_1,29.0,44.0,68.0,88.0,80.0,89.0,85.0,69.0,483,IDEPT3778,CE
SID20181279,Sem_1,70.0,75.0,71.0,43.0,63.0,82.0,79.0,69.0,483,IDEPT1142,CE
SID20136638,Sem_1,40.0,94.0,72.0,76.0,52.0,52.0,97.0,69.0,483,IDEPT1533,CE
SID20135377,Sem_1,70.0,46.0,54.0,61.0,87.0,95.0,70.0,69.0,483,IDEPT3062,CE
SID20171588,Sem_1,43.0,95.0,98.0,70.0,67.0,68.0,42.0,69.0,483,IDEPT8379,CE
SID20188708,Sem_1,41.0,66.0,88.0,40.0,100.0,76.0,72.0,69.0,483,IDEPT5408,CE
SID20183614,Sem_1,72.0,77.0,49.0,45.0,77.0,,94.0,69.0,414,IDEPT7783,CE
SID20143785,Sem_1,98.0,64.0,50.0,100.0,51.0,67.0,52.0,68.85714286,482,IDEPT1142,CE
SID20175003,Sem_1,89.0,53.0,57.0,40.0,64.0,80.0,99.0,68.85714286,482,IDEPT1533,CE
SID20163798,Sem_1,87.0,57.0,96.0,48.0,43.0,83.0,68.0,68.85714286,482,IDEPT7783,CE
SID20142107,Sem_1,60.0,68.0,43.0,75.0,96.0,69.0,71.0,68.85714286,482,IDEPT1825,CE
SID20182758,Sem_1,91.0,44.0,77.0,75.0,73.0,41.0,81.0,68.85714286,482,IDEPT1378,CE
SID20165327,Sem_1,45.0,89.0,85.0,94.0,58.0,46.0,65.0,68.85714286,482,IDEPT3062,CE
SID20185965,Sem_1,87.0,85.0,61.0,44.0,71.0,59.0,75.0,68.85714286,482,IDEPT1533,CE
SID20134816,Sem_1,79.0,56.0,77.0,98.0,52.0,71.0,49.0,68.85714286,482,IDEPT1142,CE
SID20177454,Sem_1,72.0,62.0,75.0,70.0,71.0,58.0,74.0,68.85714286,482,IDEPT5408,CE
SID20151694,Sem_1,78.0,80.0,99.0,54.0,44.0,52.0,75.0,68.85714286,482,IDEPT1825,CE
SID20189989,Sem_1,99.0,68.0,70.0,41.0,80.0,49.0,75.0,68.85714286,482,IDEPT3062,CE
SID20137361,Sem_1,62.0,64.0,76.0,51.0,90.0,61.0,78.0,68.85714286,482,IDEPT5408,CE
SID20188515,Sem_1,63.0,83.0,81.0,43.0,79.0,,64.0,68.83333333,413,IDEPT1378,CE
SID20136094,Sem_1,,90.0,41.0,90.0,98.0,53.0,41.0,68.83333333,413,IDEPT1825,CE
SID20171328,Sem_1,,77.0,85.0,49.0,71.0,47.0,84.0,68.83333333,413,IDEPT7783,CE
SID20141207,Sem_1,53.0,60.0,,83.0,68.0,96.0,53.0,68.83333333,413,IDEPT7783,CE
SID20167239,Sem_1,84.0,73.0,85.0,71.0,43.0,41.0,84.0,68.71428571,481,IDEPT8379,CE
SID20136616,Sem_1,64.0,92.0,81.0,71.0,61.0,42.0,70.0,68.71428571,481,IDEPT8379,CE
SID20156973,Sem_1,28.0,90.0,56.0,99.0,53.0,77.0,78.0,68.71428571,481,IDEPT1533,CE
SID20146232,Sem_1,80.0,67.0,95.0,61.0,59.0,44.0,75.0,68.71428571,481,IDEPT3778,CE
SID20153658,Sem_1,65.0,78.0,41.0,86.0,97.0,55.0,59.0,68.71428571,481,IDEPT3778,CE
SID20161494,Sem_1,49.0,95.0,98.0,46.0,47.0,91.0,55.0,68.71428571,481,IDEPT2425,CE
SID20161494,Sem_1,49.0,95.0,98.0,46.0,47.0,91.0,55.0,68.71428571,481,IDEPT2425,CE
SID20189267,Sem_1,86.0,,80.0,49.0,66.0,69.0,62.0,68.66666667,412,IDEPT2425,CE
SID20145134,Sem_1,86.0,67.0,50.0,89.0,99.0,46.0,43.0,68.57142857,480,IDEPT5408,CE
SID20166780,Sem_1,79.0,57.0,44.0,80.0,40.0,94.0,86.0,68.57142857,480,IDEPT8313,CE
SID20152150,Sem_1,98.0,40.0,91.0,83.0,66.0,42.0,60.0,68.57142857,480,IDEPT7783,CE
SID20159320,Sem_1,96.0,87.0,58.0,42.0,51.0,80.0,66.0,68.57142857,480,IDEPT1825,CE
SID20162190,Sem_1,92.0,48.0,73.0,70.0,62.0,92.0,43.0,68.57142857,480,IDEPT5408,CE
SID20153251,Sem_1,45.0,81.0,57.0,44.0,98.0,59.0,96.0,68.57142857,480,IDEPT1825,CE
SID20182298,Sem_1,81.0,91.0,76.0,94.0,21.0,42.0,75.0,68.57142857,480,IDEPT1378,CE
SID20143942,Sem_1,91.0,55.0,59.0,51.0,83.0,90.0,51.0,68.57142857,480,IDEPT1378,CE
SID20147911,Sem_1,53.0,45.0,65.0,100.0,61.0,74.0,82.0,68.57142857,480,IDEPT8379,CE
SID20133626,Sem_1,94.0,41.0,87.0,,64.0,48.0,77.0,68.5,411,IDEPT1142,CE
SID20144885,Sem_1,75.0,76.0,40.0,,61.0,85.0,74.0,68.5,411,IDEPT5408,CE
SID20134176,Sem_1,89.0,64.0,77.0,57.0,46.0,89.0,57.0,68.42857143,479,IDEPT1533,CE
SID20155200,Sem_1,49.0,,,72.0,53.0,83.0,85.0,68.4,342,IDEPT8313,CE
SID20174037,Sem_1,,83.0,94.0,22.0,84.0,,59.0,68.4,342,IDEPT8379,CE
SID20183519,Sem_1,69.0,65.0,77.0,41.0,89.0,,69.0,68.33333333,410,IDEPT7783,CE
SID20144962,Sem_1,41.0,59.0,49.0,95.0,72.0,80.0,82.0,68.28571429,478,IDEPT2425,CE
SID20178091,Sem_1,95.0,87.0,48.0,90.0,53.0,62.0,43.0,68.28571429,478,IDEPT1533,CE
SID20143741,Sem_1,51.0,62.0,40.0,52.0,91.0,83.0,99.0,68.28571429,478,IDEPT1142,CE
SID20166652,Sem_1,47.0,83.0,41.0,76.0,84.0,78.0,69.0,68.28571429,478,IDEPT1533,CE
SID20176439,Sem_1,75.0,88.0,41.0,49.0,46.0,84.0,95.0,68.28571429,478,IDEPT7783,CE
SID20189283,Sem_1,96.0,50.0,73.0,65.0,94.0,49.0,51.0,68.28571429,478,IDEPT8313,CE
SID20136129,Sem_1,93.0,46.0,70.0,51.0,68.0,56.0,94.0,68.28571429,478,IDEPT7005,CE
SID20187967,Sem_1,84.0,61.0,66.0,60.0,43.0,87.0,77.0,68.28571429,478,IDEPT1533,CE
SID20178809,Sem_1,53.0,76.0,64.0,72.0,91.0,53.0,,68.16666667,409,IDEPT3062,CE
SID20178412,Sem_1,66.0,20.0,70.0,90.0,78.0,,85.0,68.16666667,409,IDEPT3062,CE
SID20178412,Sem_1,66.0,20.0,70.0,90.0,78.0,,85.0,68.16666667,409,IDEPT3062,CE
SID20131767,Sem_1,55.0,80.0,48.0,63.0,97.0,87.0,47.0,68.14285714,477,IDEPT3062,CE
SID20139009,Sem_1,45.0,100.0,50.0,76.0,49.0,68.0,89.0,68.14285714,477,IDEPT1142,CE
SID20161265,Sem_1,91.0,69.0,47.0,85.0,46.0,91.0,48.0,68.14285714,477,IDEPT1142,CE
SID20178427,Sem_1,68.0,95.0,85.0,56.0,44.0,43.0,86.0,68.14285714,477,IDEPT8379,CE
SID20143300,Sem_1,73.0,73.0,53.0,40.0,78.0,72.0,88.0,68.14285714,477,IDEPT8379,CE
SID20172489,Sem_1,65.0,53.0,75.0,91.0,75.0,69.0,49.0,68.14285714,477,IDEPT3062,CE
SID20179139,Sem_1,42.0,86.0,59.0,70.0,70.0,72.0,78.0,68.14285714,477,IDEPT3062,CE
SID20176022,Sem_1,41.0,78.0,40.0,42.0,94.0,100.0,81.0,68.0,476,IDEPT1378,CE
SID20168835,Sem_1,75.0,66.0,81.0,40.0,80.0,72.0,62.0,68.0,476,IDEPT5408,CE
SID20172440,Sem_1,69.0,79.0,88.0,63.0,79.0,58.0,40.0,68.0,476,IDEPT5408,CE
SID20189294,Sem_1,49.0,78.0,84.0,56.0,73.0,59.0,77.0,68.0,476,IDEPT1533,CE
SID20184821,Sem_1,52.0,61.0,70.0,82.0,63.0,65.0,83.0,68.0,476,IDEPT1825,CE
SID20145930,Sem_1,43.0,99.0,80.0,89.0,56.0,40.0,69.0,68.0,476,IDEPT1378,CE
SID20184821,Sem_1,52.0,61.0,70.0,82.0,63.0,65.0,83.0,68.0,476,IDEPT1825,CE
SID20151175,Sem_1,70.0,88.0,81.0,51.0,48.0,65.0,73.0,68.0,476,IDEPT5408,CE
SID20181604,Sem_1,53.0,70.0,89.0,83.0,54.0,41.0,86.0,68.0,476,IDEPT1825,CE
SID20186036,Sem_1,94.0,82.0,42.0,61.0,59.0,74.0,64.0,68.0,476,IDEPT1142,CE
SID20146577,Sem_1,92.0,41.0,76.0,60.0,78.0,45.0,84.0,68.0,476,IDEPT5408,CE
SID20146465,Sem_1,54.0,100.0,73.0,59.0,59.0,80.0,51.0,68.0,476,IDEPT1142,CE
SID20141430,Sem_1,70.0,79.0,51.0,78.0,72.0,54.0,72.0,68.0,476,IDEPT3778,CE
SID20142005,Sem_1,49.0,55.0,44.0,66.0,86.0,86.0,89.0,67.85714286,475,IDEPT1378,CE
SID20142005,Sem_1,49.0,55.0,44.0,66.0,86.0,86.0,89.0,67.85714286,475,IDEPT1378,CE
SID20175001,Sem_1,46.0,91.0,78.0,47.0,92.0,41.0,80.0,67.85714286,475,IDEPT1825,CE
SID20153475,Sem_1,41.0,80.0,77.0,56.0,65.0,75.0,81.0,67.85714286,475,IDEPT1825,CE
SID20165071,Sem_1,70.0,48.0,66.0,65.0,70.0,93.0,63.0,67.85714286,475,IDEPT7005,CE
SID20175491,Sem_1,44.0,92.0,55.0,60.0,93.0,83.0,48.0,67.85714286,475,IDEPT1533,CE
SID20148646,Sem_1,74.0,95.0,62.0,62.0,55.0,46.0,81.0,67.85714286,475,IDEPT1142,CE
SID20167300,Sem_1,74.0,95.0,53.0,80.0,68.0,43.0,62.0,67.85714286,475,IDEPT3062,CE
SID20165555,Sem_1,69.0,84.0,48.0,94.0,45.0,86.0,49.0,67.85714286,475,IDEPT1378,CE
SID20177762,Sem_1,98.0,58.0,58.0,92.0,59.0,43.0,67.0,67.85714286,475,IDEPT1378,CE
SID20147292,Sem_1,86.0,64.0,67.0,72.0,71.0,68.0,47.0,67.85714286,475,IDEPT2425,CE
SID20154202,Sem_1,60.0,97.0,96.0,77.0,53.0,44.0,48.0,67.85714286,475,IDEPT8313,CE
SID20164542,Sem_1,97.0,,40.0,70.0,64.0,80.0,56.0,67.83333333,407,IDEPT5408,CE
SID20177369,Sem_1,56.0,98.0,56.0,56.0,46.0,88.0,74.0,67.71428571,474,IDEPT7783,CE
SID20154793,Sem_1,47.0,49.0,53.0,88.0,96.0,61.0,80.0,67.71428571,474,IDEPT7783,CE
SID20156110,Sem_1,88.0,52.0,44.0,95.0,75.0,64.0,56.0,67.71428571,474,IDEPT1825,CE
SID20142194,Sem_1,56.0,58.0,98.0,43.0,80.0,63.0,76.0,67.71428571,474,IDEPT1378,CE
SID20147055,Sem_1,42.0,61.0,84.0,99.0,53.0,40.0,95.0,67.71428571,474,IDEPT7783,CE
SID20153224,Sem_1,87.0,53.0,84.0,56.0,80.0,49.0,65.0,67.71428571,474,IDEPT3778,CE
SID20175653,Sem_1,58.0,78.0,79.0,28.0,55.0,82.0,94.0,67.71428571,474,IDEPT3062,CE
SID20182070,Sem_1,71.0,45.0,74.0,72.0,85.0,,59.0,67.66666667,406,IDEPT7005,CE
SID20167361,Sem_1,58.0,47.0,,97.0,57.0,87.0,60.0,67.66666667,406,IDEPT1378,CE
SID20133226,Sem_1,47.0,49.0,86.0,62.0,58.0,89.0,82.0,67.57142857,473,IDEPT1378,CE
SID20138208,Sem_1,71.0,97.0,67.0,55.0,63.0,47.0,73.0,67.57142857,473,IDEPT3778,CE
SID20136119,Sem_1,84.0,75.0,78.0,46.0,70.0,41.0,79.0,67.57142857,473,IDEPT8313,CE
SID20179428,Sem_1,63.0,45.0,65.0,49.0,100.0,90.0,61.0,67.57142857,473,IDEPT1533,CE
SID20143010,Sem_1,66.0,71.0,80.0,41.0,80.0,57.0,78.0,67.57142857,473,IDEPT1533,CE
SID20142487,Sem_1,70.0,77.0,42.0,83.0,71.0,76.0,54.0,67.57142857,473,IDEPT5408,CE
SID20136067,Sem_1,76.0,54.0,48.0,78.0,,83.0,66.0,67.5,405,IDEPT7783,CE
SID20144566,Sem_1,63.0,74.0,73.0,61.0,57.0,98.0,46.0,67.42857143,472,IDEPT1533,CE
SID20176492,Sem_1,66.0,83.0,78.0,77.0,43.0,49.0,76.0,67.42857143,472,IDEPT1533,CE
SID20165889,Sem_1,89.0,54.0,62.0,56.0,63.0,,80.0,67.33333333,404,IDEPT3778,CE
SID20147176,Sem_1,64.0,60.0,86.0,,45.0,60.0,89.0,67.33333333,404,IDEPT1825,CE
SID20152921,Sem_1,46.0,43.0,42.0,92.0,87.0,78.0,83.0,67.28571429,471,IDEPT1825,CE
SID20186800,Sem_1,78.0,50.0,89.0,43.0,71.0,70.0,70.0,67.28571429,471,IDEPT3062,CE
SID20146427,Sem_1,48.0,55.0,52.0,77.0,71.0,83.0,85.0,67.28571429,471,IDEPT7005,CE
SID20171473,Sem_1,56.0,82.0,76.0,69.0,51.0,85.0,52.0,67.28571429,471,IDEPT1378,CE
SID20139754,Sem_1,46.0,69.0,75.0,62.0,78.0,79.0,62.0,67.28571429,471,IDEPT1378,CE
SID20165808,Sem_1,71.0,58.0,51.0,85.0,72.0,76.0,58.0,67.28571429,471,IDEPT1142,CE
SID20144568,Sem_1,72.0,83.0,52.0,40.0,73.0,75.0,76.0,67.28571429,471,IDEPT8379,CE
SID20143272,Sem_1,62.0,40.0,59.0,52.0,69.0,89.0,100.0,67.28571429,471,IDEPT3778,CE
SID20146524,Sem_1,73.0,57.0,60.0,86.0,64.0,66.0,65.0,67.28571429,471,IDEPT8379,CE
SID20133314,Sem_1,80.0,50.0,90.0,46.0,52.0,63.0,90.0,67.28571429,471,IDEPT1533,CE
SID20133750,Sem_1,89.0,46.0,62.0,58.0,92.0,82.0,41.0,67.14285714,470,IDEPT8379,CE
SID20176914,Sem_1,68.0,41.0,99.0,19.0,57.0,87.0,99.0,67.14285714,470,IDEPT8379,CE
SID20156167,Sem_1,49.0,65.0,47.0,92.0,53.0,88.0,76.0,67.14285714,470,IDEPT1142,CE
SID20146935,Sem_1,49.0,47.0,78.0,66.0,59.0,95.0,76.0,67.14285714,470,IDEPT1142,CE
SID20171352,Sem_1,44.0,72.0,93.0,73.0,75.0,51.0,62.0,67.14285714,470,IDEPT1142,CE
SID20153782,Sem_1,52.0,95.0,87.0,50.0,47.0,58.0,80.0,67.0,469,IDEPT1378,CE
SID20134063,Sem_1,76.0,42.0,45.0,86.0,44.0,91.0,85.0,67.0,469,IDEPT1378,CE
SID20153782,Sem_1,52.0,95.0,87.0,50.0,47.0,58.0,80.0,67.0,469,IDEPT1378,CE
SID20177102,Sem_1,75.0,79.0,42.0,87.0,48.0,66.0,72.0,67.0,469,IDEPT7005,CE
SID20147981,Sem_1,83.0,42.0,50.0,92.0,93.0,42.0,67.0,67.0,469,IDEPT1378,CE
SID20172241,Sem_1,73.0,66.0,41.0,63.0,54.0,96.0,76.0,67.0,469,IDEPT8313,CE
SID20152452,Sem_1,58.0,60.0,95.0,47.0,50.0,90.0,69.0,67.0,469,IDEPT2425,CE
SID20163680,Sem_1,47.0,74.0,97.0,94.0,20.0,93.0,44.0,67.0,469,IDEPT1825,CE
SID20177147,Sem_1,47.0,97.0,47.0,71.0,73.0,70.0,64.0,67.0,469,IDEPT3778,CE
SID20182710,Sem_1,43.0,72.0,58.0,92.0,67.0,70.0,67.0,67.0,469,IDEPT1378,CE
SID20135331,Sem_1,54.0,77.0,45.0,89.0,87.0,50.0,67.0,67.0,469,IDEPT3778,CE
SID20151149,Sem_1,85.0,76.0,48.0,54.0,85.0,59.0,62.0,67.0,469,IDEPT7783,CE
SID20154896,Sem_1,91.0,45.0,88.0,73.0,46.0,84.0,42.0,67.0,469,IDEPT3062,CE
SID20174588,Sem_1,94.0,45.0,,88.0,51.0,79.0,45.0,67.0,402,IDEPT1533,CE
SID20155489,Sem_1,62.0,96.0,68.0,63.0,43.0,65.0,72.0,67.0,469,IDEPT7783,CE
SID20149056,Sem_1,74.0,53.0,76.0,51.0,88.0,48.0,79.0,67.0,469,IDEPT8379,CE
SID20165692,Sem_1,65.0,57.0,61.0,68.0,73.0,55.0,90.0,67.0,469,IDEPT8379,CE
SID20139175,Sem_1,94.0,53.0,76.0,44.0,82.0,44.0,76.0,67.0,469,IDEPT1142,CE
SID20188996,Sem_1,71.0,53.0,90.0,60.0,75.0,41.0,79.0,67.0,469,IDEPT8379,CE
SID20163199,Sem_1,42.0,21.0,87.0,86.0,94.0,87.0,52.0,67.0,469,IDEPT1533,CE
SID20185210,Sem_1,60.0,59.0,51.0,94.0,56.0,98.0,50.0,66.85714286,468,IDEPT1825,CE
SID20138594,Sem_1,40.0,91.0,56.0,96.0,44.0,46.0,95.0,66.85714286,468,IDEPT2425,CE
SID20144610,Sem_1,67.0,48.0,49.0,63.0,68.0,80.0,93.0,66.85714286,468,IDEPT3778,CE
SID20132852,Sem_1,86.0,,79.0,62.0,82.0,46.0,46.0,66.83333333,401,IDEPT3778,CE
SID20138156,Sem_1,42.0,87.0,84.0,81.0,47.0,60.0,,66.83333333,401,IDEPT8313,CE
SID20184254,Sem_1,57.0,72.0,84.0,,84.0,24.0,80.0,66.83333333,401,IDEPT1533,CE
SID20142780,Sem_1,53.0,49.0,69.0,69.0,,94.0,,66.8,334,IDEPT1825,CE
SID20157590,Sem_1,86.0,97.0,40.0,40.0,58.0,53.0,93.0,66.71428571,467,IDEPT2425,CE
SID20179998,Sem_1,81.0,81.0,73.0,83.0,52.0,54.0,43.0,66.71428571,467,IDEPT3062,CE
SID20179998,Sem_1,81.0,81.0,73.0,83.0,52.0,54.0,43.0,66.71428571,467,IDEPT3062,CE
SID20183555,Sem_1,74.0,67.0,79.0,89.0,28.0,54.0,76.0,66.71428571,467,IDEPT1142,CE
SID20172332,Sem_1,80.0,65.0,44.0,48.0,86.0,83.0,61.0,66.71428571,467,IDEPT3062,CE
SID20172447,Sem_1,48.0,93.0,63.0,42.0,90.0,72.0,59.0,66.71428571,467,IDEPT8379,CE
SID20161262,Sem_1,51.0,69.0,51.0,83.0,90.0,49.0,74.0,66.71428571,467,IDEPT1378,CE
SID20162808,Sem_1,57.0,42.0,91.0,49.0,44.0,100.0,84.0,66.71428571,467,IDEPT1533,CE
SID20176113,Sem_1,41.0,48.0,76.0,60.0,51.0,97.0,94.0,66.71428571,467,IDEPT1142,CE
SID20149542,Sem_1,90.0,75.0,83.0,45.0,48.0,59.0,67.0,66.71428571,467,IDEPT1825,CE
SID20187471,Sem_1,40.0,51.0,79.0,71.0,68.0,91.0,,66.66666667,400,IDEPT1142,CE
SID20159862,Sem_1,82.0,64.0,57.0,,75.0,57.0,65.0,66.66666667,400,IDEPT1825,CE
SID20174123,Sem_1,54.0,66.0,93.0,43.0,63.0,54.0,93.0,66.57142857,466,IDEPT1533,CE
SID20159693,Sem_1,92.0,96.0,43.0,46.0,55.0,44.0,90.0,66.57142857,466,IDEPT5408,CE
SID20138633,Sem_1,48.0,55.0,65.0,84.0,60.0,66.0,88.0,66.57142857,466,IDEPT3778,CE
SID20185238,Sem_1,56.0,42.0,85.0,58.0,91.0,63.0,71.0,66.57142857,466,IDEPT2425,CE
SID20155891,Sem_1,59.0,40.0,89.0,88.0,89.0,48.0,53.0,66.57142857,466,IDEPT1142,CE
SID20187204,Sem_1,91.0,57.0,55.0,41.0,41.0,91.0,90.0,66.57142857,466,IDEPT1825,CE
SID20136792,Sem_1,73.0,78.0,91.0,48.0,68.0,51.0,57.0,66.57142857,466,IDEPT7005,CE
SID20178494,Sem_1,98.0,92.0,47.0,60.0,59.0,42.0,68.0,66.57142857,466,IDEPT3062,CE
SID20184476,Sem_1,51.0,68.0,54.0,60.0,97.0,69.0,,66.5,399,IDEPT5408,CE
SID20154593,Sem_1,83.0,95.0,53.0,64.0,62.0,64.0,44.0,66.42857143,465,IDEPT7783,CE
SID20184284,Sem_1,50.0,80.0,83.0,63.0,41.0,83.0,65.0,66.42857143,465,IDEPT1378,CE
SID20186433,Sem_1,64.0,59.0,90.0,48.0,73.0,85.0,46.0,66.42857143,465,IDEPT2425,CE
SID20137257,Sem_1,69.0,92.0,53.0,41.0,59.0,53.0,98.0,66.42857143,465,IDEPT1378,CE
SID20138916,Sem_1,84.0,63.0,45.0,75.0,42.0,66.0,90.0,66.42857143,465,IDEPT1378,CE
SID20172380,Sem_1,55.0,41.0,76.0,85.0,86.0,81.0,41.0,66.42857143,465,IDEPT1142,CE
SID20175300,Sem_1,73.0,27.0,91.0,81.0,42.0,99.0,52.0,66.42857143,465,IDEPT1378,CE
SID20145567,Sem_1,81.0,65.0,41.0,49.0,70.0,82.0,77.0,66.42857143,465,IDEPT1825,CE
SID20155424,Sem_1,50.0,,76.0,61.0,90.0,79.0,42.0,66.33333333,398,IDEPT1378,CE
SID20142757,Sem_1,70.0,40.0,47.0,87.0,56.0,,98.0,66.33333333,398,IDEPT5408,CE
SID20155240,Sem_1,69.0,70.0,55.0,90.0,45.0,62.0,73.0,66.28571429,464,IDEPT1378,CE
SID20181546,Sem_1,75.0,62.0,93.0,42.0,81.0,46.0,65.0,66.28571429,464,IDEPT1533,CE
SID20174747,Sem_1,49.0,57.0,88.0,46.0,69.0,94.0,61.0,66.28571429,464,IDEPT1142,CE
SID20178715,Sem_1,66.0,91.0,61.0,45.0,53.0,94.0,54.0,66.28571429,464,IDEPT8313,CE
SID20144484,Sem_1,66.0,46.0,57.0,53.0,89.0,66.0,87.0,66.28571429,464,IDEPT1142,CE
SID20153316,Sem_1,97.0,62.0,49.0,43.0,93.0,59.0,61.0,66.28571429,464,IDEPT7005,CE
SID20146197,Sem_1,61.0,58.0,71.0,49.0,64.0,97.0,64.0,66.28571429,464,IDEPT2425,CE
SID20172592,Sem_1,58.0,67.0,73.0,53.0,90.0,59.0,64.0,66.28571429,464,IDEPT7783,CE
SID20179176,Sem_1,78.0,71.0,91.0,55.0,66.0,48.0,55.0,66.28571429,464,IDEPT7005,CE
SID20167419,Sem_1,90.0,84.0,46.0,63.0,44.0,71.0,65.0,66.14285714,463,IDEPT3778,CE
SID20165811,Sem_1,43.0,90.0,44.0,79.0,93.0,58.0,56.0,66.14285714,463,IDEPT7005,CE
SID20137601,Sem_1,84.0,66.0,54.0,47.0,61.0,64.0,86.0,66.0,462,IDEPT8379,CE
SID20167820,Sem_1,48.0,84.0,97.0,75.0,57.0,43.0,58.0,66.0,462,IDEPT2425,CE
SID20153945,Sem_1,88.0,48.0,77.0,81.0,51.0,,51.0,66.0,396,IDEPT3062,CE
SID20135298,Sem_1,47.0,55.0,46.0,60.0,93.0,82.0,79.0,66.0,462,IDEPT8313,CE
SID20148547,Sem_1,70.0,40.0,88.0,62.0,95.0,63.0,44.0,66.0,462,IDEPT1378,CE
SID20164112,Sem_1,49.0,51.0,55.0,,94.0,76.0,71.0,66.0,396,IDEPT3778,CE
SID20177485,Sem_1,71.0,46.0,58.0,73.0,86.0,,62.0,66.0,396,IDEPT5408,CE
SID20168586,Sem_1,69.0,58.0,50.0,75.0,40.0,76.0,94.0,66.0,462,IDEPT3778,CE
SID20134445,Sem_1,90.0,57.0,81.0,75.0,45.0,71.0,43.0,66.0,462,IDEPT1142,CE
SID20164029,Sem_1,60.0,87.0,75.0,55.0,58.0,74.0,53.0,66.0,462,IDEPT1142,CE
SID20146817,Sem_1,71.0,85.0,49.0,54.0,50.0,97.0,56.0,66.0,462,IDEPT5408,CE
SID20148178,Sem_1,58.0,51.0,61.0,43.0,95.0,99.0,54.0,65.85714286,461,IDEPT3778,CE
SID20139028,Sem_1,92.0,55.0,65.0,77.0,68.0,49.0,55.0,65.85714286,461,IDEPT3062,CE
SID20163613,Sem_1,86.0,55.0,54.0,100.0,43.0,66.0,57.0,65.85714286,461,IDEPT7783,CE
SID20165751,Sem_1,54.0,89.0,49.0,55.0,90.0,75.0,49.0,65.85714286,461,IDEPT1378,CE
SID20132032,Sem_1,41.0,81.0,77.0,26.0,92.0,64.0,80.0,65.85714286,461,IDEPT8313,CE
SID20163613,Sem_1,86.0,55.0,54.0,100.0,43.0,66.0,57.0,65.85714286,461,IDEPT7783,CE
SID20168951,Sem_1,55.0,80.0,,55.0,84.0,78.0,43.0,65.83333333,395,IDEPT1378,CE
SID20132911,Sem_1,91.0,48.0,68.0,65.0,68.0,,55.0,65.83333333,395,IDEPT1533,CE
SID20165560,Sem_1,40.0,70.0,94.0,90.0,61.0,40.0,,65.83333333,395,IDEPT1825,CE
SID20146672,Sem_1,42.0,,59.0,79.0,43.0,98.0,74.0,65.83333333,395,IDEPT1825,CE
SID20181580,Sem_1,100.0,90.0,23.0,76.0,43.0,63.0,65.0,65.71428571,460,IDEPT1142,CE
SID20189682,Sem_1,80.0,43.0,67.0,57.0,58.0,83.0,72.0,65.71428571,460,IDEPT3778,CE
SID20147803,Sem_1,46.0,56.0,69.0,68.0,71.0,56.0,94.0,65.71428571,460,IDEPT7005,CE
SID20154428,Sem_1,89.0,50.0,85.0,24.0,77.0,49.0,86.0,65.71428571,460,IDEPT1378,CE
SID20133497,Sem_1,62.0,78.0,75.0,54.0,90.0,82.0,19.0,65.71428571,460,IDEPT5408,CE
SID20149136,Sem_1,74.0,55.0,96.0,61.0,62.0,49.0,62.0,65.57142857,459,IDEPT2425,CE
SID20165268,Sem_1,74.0,77.0,40.0,59.0,61.0,49.0,99.0,65.57142857,459,IDEPT7005,CE
SID20142286,Sem_1,60.0,76.0,53.0,62.0,50.0,72.0,86.0,65.57142857,459,IDEPT1533,CE
SID20174852,Sem_1,47.0,45.0,54.0,64.0,67.0,95.0,87.0,65.57142857,459,IDEPT7783,CE
SID20165684,Sem_1,58.0,41.0,64.0,52.0,85.0,61.0,98.0,65.57142857,459,IDEPT2425,CE
SID20173407,Sem_1,83.0,48.0,91.0,45.0,83.0,54.0,55.0,65.57142857,459,IDEPT5408,CE
SID20154907,Sem_1,82.0,47.0,68.0,67.0,46.0,87.0,61.0,65.42857143,458,IDEPT2425,CE
SID20142853,Sem_1,74.0,56.0,48.0,80.0,96.0,53.0,51.0,65.42857143,458,IDEPT3778,CE
SID20183692,Sem_1,60.0,53.0,46.0,87.0,62.0,85.0,65.0,65.42857143,458,IDEPT1533,CE
SID20143347,Sem_1,52.0,61.0,93.0,89.0,68.0,45.0,50.0,65.42857143,458,IDEPT1142,CE
SID20162448,Sem_1,83.0,45.0,61.0,100.0,46.0,75.0,48.0,65.42857143,458,IDEPT1378,CE
SID20169217,Sem_1,82.0,76.0,63.0,52.0,51.0,47.0,87.0,65.42857143,458,IDEPT7005,CE
SID20171608,Sem_1,77.0,26.0,64.0,98.0,55.0,49.0,89.0,65.42857143,458,IDEPT7005,CE
SID20153485,Sem_1,55.0,62.0,85.0,75.0,50.0,,,65.4,327,IDEPT1142,CE
SID20185879,Sem_1,,47.0,78.0,73.0,80.0,,49.0,65.4,327,IDEPT1533,CE
SID20153485,Sem_1,55.0,62.0,85.0,75.0,50.0,,,65.4,327,IDEPT1142,CE
SID20147406,Sem_1,87.0,84.0,66.0,54.0,63.0,40.0,63.0,65.28571429,457,IDEPT1533,CE
SID20167244,Sem_1,55.0,66.0,55.0,19.0,94.0,72.0,96.0,65.28571429,457,IDEPT7005,CE
SID20188763,Sem_1,64.0,50.0,56.0,67.0,66.0,,88.0,65.16666667,391,IDEPT1533,CE
SID20173194,Sem_1,62.0,44.0,78.0,64.0,83.0,77.0,48.0,65.14285714,456,IDEPT8313,CE
SID20155585,Sem_1,51.0,79.0,53.0,65.0,46.0,99.0,63.0,65.14285714,456,IDEPT8313,CE
SID20183733,Sem_1,48.0,85.0,82.0,55.0,47.0,93.0,46.0,65.14285714,456,IDEPT3062,CE
SID20168039,Sem_1,47.0,88.0,51.0,79.0,91.0,40.0,60.0,65.14285714,456,IDEPT3062,CE
SID20135672,Sem_1,69.0,49.0,83.0,45.0,80.0,47.0,83.0,65.14285714,456,IDEPT7783,CE
SID20185850,Sem_1,71.0,59.0,83.0,78.0,45.0,52.0,68.0,65.14285714,456,IDEPT1378,CE
SID20172778,Sem_1,75.0,74.0,59.0,71.0,43.0,82.0,51.0,65.0,455,IDEPT2425,CE
SID20157996,Sem_1,89.0,48.0,21.0,80.0,95.0,49.0,73.0,65.0,455,IDEPT1142,CE
SID20182031,Sem_1,40.0,92.0,65.0,68.0,43.0,90.0,57.0,65.0,455,IDEPT8313,CE
SID20155907,Sem_1,86.0,48.0,,43.0,87.0,49.0,77.0,65.0,390,IDEPT1142,CE
SID20136940,Sem_1,97.0,49.0,66.0,71.0,48.0,70.0,53.0,64.85714286,454,IDEPT7005,CE
SID20189718,Sem_1,89.0,42.0,46.0,86.0,94.0,47.0,50.0,64.85714286,454,IDEPT7783,CE
SID20186286,Sem_1,60.0,44.0,45.0,68.0,92.0,81.0,64.0,64.85714286,454,IDEPT7005,CE
SID20137473,Sem_1,66.0,52.0,48.0,54.0,72.0,63.0,99.0,64.85714286,454,IDEPT7783,CE
SID20167571,Sem_1,69.0,69.0,72.0,53.0,46.0,50.0,95.0,64.85714286,454,IDEPT1142,CE
SID20139243,Sem_1,92.0,49.0,81.0,64.0,53.0,53.0,62.0,64.85714286,454,IDEPT3062,CE
SID20141961,Sem_1,75.0,,45.0,79.0,58.0,48.0,84.0,64.83333333,389,IDEPT3062,CE
SID20159272,Sem_1,49.0,98.0,,40.0,68.0,41.0,93.0,64.83333333,389,IDEPT1142,CE
SID20185384,Sem_1,76.0,48.0,41.0,,59.0,,100.0,64.8,324,IDEPT3778,CE
SID20155659,Sem_1,72.0,76.0,67.0,41.0,87.0,56.0,54.0,64.71428571,453,IDEPT2425,CE
SID20164413,Sem_1,56.0,43.0,43.0,79.0,90.0,63.0,79.0,64.71428571,453,IDEPT7005,CE
SID20182891,Sem_1,72.0,73.0,48.0,40.0,41.0,82.0,97.0,64.71428571,453,IDEPT1533,CE
SID20163695,Sem_1,41.0,76.0,98.0,45.0,54.0,65.0,74.0,64.71428571,453,IDEPT3778,CE
SID20132884,Sem_1,55.0,93.0,70.0,56.0,83.0,28.0,68.0,64.71428571,453,IDEPT2425,CE
SID20173489,Sem_1,45.0,58.0,72.0,45.0,64.0,70.0,99.0,64.71428571,453,IDEPT3062,CE
SID20163086,Sem_1,61.0,61.0,66.0,77.0,68.0,74.0,46.0,64.71428571,453,IDEPT7783,CE
SID20183637,Sem_1,72.0,86.0,57.0,67.0,53.0,61.0,57.0,64.71428571,453,IDEPT1533,CE
SID20183637,Sem_1,72.0,86.0,57.0,67.0,53.0,61.0,57.0,64.71428571,453,IDEPT1533,CE
SID20155112,Sem_1,97.0,51.0,53.0,93.0,48.0,50.0,61.0,64.71428571,453,IDEPT1825,CE
SID20171807,Sem_1,47.0,43.0,76.0,52.0,99.0,,71.0,64.66666667,388,IDEPT3778,CE
SID20158556,Sem_1,83.0,71.0,57.0,43.0,77.0,60.0,61.0,64.57142857,452,IDEPT3778,CE
SID20156056,Sem_1,61.0,76.0,72.0,64.0,45.0,94.0,40.0,64.57142857,452,IDEPT1142,CE
SID20164522,Sem_1,64.0,64.0,54.0,74.0,57.0,59.0,80.0,64.57142857,452,IDEPT1142,CE
SID20135090,Sem_1,62.0,90.0,56.0,49.0,83.0,49.0,63.0,64.57142857,452,IDEPT3778,CE
SID20179891,Sem_1,53.0,50.0,84.0,84.0,41.0,63.0,77.0,64.57142857,452,IDEPT1825,CE
SID20142482,Sem_1,70.0,61.0,84.0,63.0,42.0,44.0,87.0,64.42857143,451,IDEPT3062,CE
SID20163404,Sem_1,40.0,51.0,100.0,67.0,65.0,62.0,66.0,64.42857143,451,IDEPT1533,CE
SID20185950,Sem_1,44.0,93.0,90.0,66.0,53.0,43.0,62.0,64.42857143,451,IDEPT7005,CE
SID20164391,Sem_1,51.0,68.0,57.0,49.0,97.0,72.0,57.0,64.42857143,451,IDEPT1378,CE
SID20146658,Sem_1,60.0,55.0,63.0,61.0,77.0,50.0,85.0,64.42857143,451,IDEPT1825,CE
SID20189329,Sem_1,70.0,43.0,80.0,57.0,54.0,68.0,79.0,64.42857143,451,IDEPT2425,CE
SID20141760,Sem_1,57.0,92.0,50.0,51.0,57.0,64.0,80.0,64.42857143,451,IDEPT7005,CE
SID20132704,Sem_1,69.0,55.0,42.0,60.0,82.0,70.0,72.0,64.28571429,450,IDEPT7783,CE
SID20166492,Sem_1,70.0,75.0,52.0,75.0,87.0,23.0,68.0,64.28571429,450,IDEPT8313,CE
SID20139017,Sem_1,88.0,47.0,62.0,61.0,86.0,53.0,53.0,64.28571429,450,IDEPT1142,CE
SID20168502,Sem_1,43.0,86.0,78.0,52.0,79.0,51.0,61.0,64.28571429,450,IDEPT8379,CE
SID20138440,Sem_1,63.0,88.0,63.0,86.0,41.0,42.0,67.0,64.28571429,450,IDEPT1533,CE
SID20176919,Sem_1,74.0,92.0,82.0,60.0,42.0,45.0,55.0,64.28571429,450,IDEPT8313,CE
SID20153630,Sem_1,59.0,80.0,63.0,47.0,41.0,73.0,87.0,64.28571429,450,IDEPT1533,CE
SID20183316,Sem_1,58.0,43.0,63.0,40.0,95.0,84.0,66.0,64.14285714,449,IDEPT1378,CE
SID20151242,Sem_1,68.0,83.0,65.0,50.0,60.0,49.0,74.0,64.14285714,449,IDEPT3062,CE
SID20141478,Sem_1,91.0,74.0,83.0,48.0,23.0,45.0,85.0,64.14285714,449,IDEPT8379,CE
SID20178799,Sem_1,91.0,86.0,72.0,40.0,58.0,50.0,52.0,64.14285714,449,IDEPT3062,CE
SID20131649,Sem_1,52.0,43.0,71.0,70.0,71.0,77.0,65.0,64.14285714,449,IDEPT8379,CE
SID20186591,Sem_1,63.0,46.0,47.0,42.0,61.0,95.0,95.0,64.14285714,449,IDEPT8313,CE
SID20142299,Sem_1,51.0,93.0,41.0,83.0,46.0,89.0,45.0,64.0,448,IDEPT3778,CE
SID20176711,Sem_1,43.0,64.0,53.0,85.0,57.0,86.0,60.0,64.0,448,IDEPT1825,CE
SID20161152,Sem_1,40.0,79.0,73.0,53.0,43.0,96.0,64.0,64.0,448,IDEPT1825,CE
SID20154150,Sem_1,65.0,67.0,77.0,62.0,45.0,,68.0,64.0,384,IDEPT5408,CE
SID20164476,Sem_1,44.0,42.0,83.0,68.0,88.0,45.0,78.0,64.0,448,IDEPT8379,CE
SID20134979,Sem_1,82.0,92.0,93.0,20.0,66.0,46.0,49.0,64.0,448,IDEPT2425,CE
SID20146359,Sem_1,53.0,43.0,42.0,60.0,61.0,97.0,92.0,64.0,448,IDEPT3062,CE
SID20146359,Sem_1,53.0,43.0,42.0,60.0,61.0,97.0,92.0,64.0,448,IDEPT3062,CE
SID20189909,Sem_1,45.0,71.0,80.0,89.0,58.0,53.0,52.0,64.0,448,IDEPT1142,CE
SID20182898,Sem_1,64.0,48.0,65.0,74.0,68.0,88.0,41.0,64.0,448,IDEPT1825,CE
SID20179498,Sem_1,89.0,49.0,67.0,,43.0,80.0,56.0,64.0,384,IDEPT3778,CE
SID20139718,Sem_1,71.0,60.0,93.0,40.0,50.0,72.0,61.0,63.85714286,447,IDEPT3062,CE
SID20132304,Sem_1,62.0,46.0,44.0,86.0,100.0,52.0,57.0,63.85714286,447,IDEPT8379,CE
SID20132838,Sem_1,98.0,54.0,66.0,71.0,41.0,49.0,68.0,63.85714286,447,IDEPT3062,CE
SID20178137,Sem_1,93.0,41.0,76.0,95.0,42.0,47.0,53.0,63.85714286,447,IDEPT8379,CE
SID20175619,Sem_1,95.0,42.0,90.0,91.0,28.0,60.0,41.0,63.85714286,447,IDEPT3778,CE
SID20184238,Sem_1,,49.0,67.0,98.0,50.0,53.0,66.0,63.83333333,383,IDEPT3062,CE
SID20182750,Sem_1,65.0,93.0,53.0,46.0,91.0,55.0,43.0,63.71428571,446,IDEPT1825,CE
SID20176171,Sem_1,63.0,90.0,65.0,42.0,70.0,46.0,70.0,63.71428571,446,IDEPT1825,CE
SID20146424,Sem_1,65.0,44.0,89.0,52.0,87.0,62.0,46.0,63.57142857,445,IDEPT7783,CE
SID20168685,Sem_1,52.0,59.0,45.0,60.0,47.0,87.0,95.0,63.57142857,445,IDEPT1378,CE
SID20167670,Sem_1,26.0,66.0,98.0,49.0,42.0,100.0,,63.5,381,IDEPT3778,CE
SID20172898,Sem_1,61.0,64.0,80.0,77.0,68.0,52.0,42.0,63.42857143,444,IDEPT1825,CE
SID20172029,Sem_1,44.0,42.0,49.0,74.0,77.0,98.0,60.0,63.42857143,444,IDEPT3778,CE
SID20167118,Sem_1,74.0,87.0,75.0,52.0,47.0,54.0,55.0,63.42857143,444,IDEPT3778,CE
SID20178141,Sem_1,65.0,63.0,59.0,70.0,60.0,64.0,63.0,63.42857143,444,IDEPT8313,CE
SID20144373,Sem_1,71.0,89.0,56.0,45.0,79.0,60.0,44.0,63.42857143,444,IDEPT1378,CE
SID20184955,Sem_1,50.0,47.0,78.0,84.0,83.0,57.0,45.0,63.42857143,444,IDEPT1825,CE
SID20132513,Sem_1,53.0,,58.0,65.0,81.0,75.0,48.0,63.33333333,380,IDEPT3062,CE
SID20186853,Sem_1,52.0,60.0,79.0,50.0,88.0,51.0,,63.33333333,380,IDEPT1142,CE
SID20187248,Sem_1,58.0,47.0,51.0,60.0,91.0,75.0,61.0,63.28571429,443,IDEPT2425,CE
SID20176028,Sem_1,58.0,88.0,74.0,84.0,46.0,52.0,41.0,63.28571429,443,IDEPT7005,CE
SID20177180,Sem_1,57.0,43.0,90.0,76.0,61.0,42.0,74.0,63.28571429,443,IDEPT8379,CE
SID20141553,Sem_1,79.0,76.0,67.0,19.0,96.0,51.0,55.0,63.28571429,443,IDEPT2425,CE
SID20162572,Sem_1,65.0,89.0,56.0,85.0,59.0,42.0,47.0,63.28571429,443,IDEPT1825,CE
SID20158325,Sem_1,53.0,62.0,100.0,67.0,61.0,44.0,56.0,63.28571429,443,IDEPT7783,CE
SID20135020,Sem_1,83.0,47.0,95.0,56.0,50.0,51.0,61.0,63.28571429,443,IDEPT1142,CE
SID20133098,Sem_1,67.0,66.0,51.0,51.0,71.0,70.0,67.0,63.28571429,443,IDEPT3778,CE
SID20133098,Sem_1,67.0,66.0,51.0,51.0,71.0,70.0,67.0,63.28571429,443,IDEPT3778,CE
SID20176759,Sem_1,70.0,,44.0,89.0,67.0,69.0,40.0,63.16666667,379,IDEPT3778,CE
SID20181667,Sem_1,69.0,53.0,84.0,59.0,48.0,66.0,,63.16666667,379,IDEPT1533,CE
SID20158318,Sem_1,66.0,90.0,78.0,50.0,52.0,,43.0,63.16666667,379,IDEPT8379,CE
SID20139608,Sem_1,49.0,89.0,46.0,75.0,49.0,86.0,48.0,63.14285714,442,IDEPT1825,CE
SID20159004,Sem_1,77.0,56.0,86.0,44.0,66.0,53.0,60.0,63.14285714,442,IDEPT1142,CE
SID20133390,Sem_1,84.0,49.0,52.0,65.0,80.0,59.0,53.0,63.14285714,442,IDEPT1142,CE
SID20187462,Sem_1,62.0,84.0,42.0,22.0,73.0,87.0,72.0,63.14285714,442,IDEPT7783,CE
SID20175908,Sem_1,44.0,83.0,94.0,71.0,58.0,50.0,42.0,63.14285714,442,IDEPT2425,CE
SID20174301,Sem_1,58.0,50.0,77.0,64.0,51.0,64.0,77.0,63.0,441,IDEPT8313,CE
SID20161821,Sem_1,89.0,63.0,50.0,43.0,62.0,92.0,42.0,63.0,441,IDEPT3062,CE
SID20137844,Sem_1,47.0,57.0,66.0,79.0,76.0,62.0,53.0,62.85714286,440,IDEPT1378,CE
SID20142447,Sem_1,68.0,66.0,81.0,99.0,56.0,20.0,50.0,62.85714286,440,IDEPT5408,CE
SID20172466,Sem_1,65.0,52.0,97.0,50.0,70.0,56.0,50.0,62.85714286,440,IDEPT1533,CE
SID20184140,Sem_1,53.0,78.0,48.0,94.0,50.0,76.0,41.0,62.85714286,440,IDEPT3062,CE
SID20137140,Sem_1,70.0,99.0,46.0,69.0,43.0,55.0,57.0,62.71428571,439,IDEPT1378,CE
SID20133809,Sem_1,91.0,43.0,76.0,53.0,90.0,42.0,44.0,62.71428571,439,IDEPT1378,CE
SID20139010,Sem_1,49.0,93.0,22.0,95.0,59.0,48.0,73.0,62.71428571,439,IDEPT3778,CE
SID20142834,Sem_1,55.0,66.0,59.0,60.0,55.0,89.0,55.0,62.71428571,439,IDEPT5408,CE
SID20149753,Sem_1,61.0,71.0,66.0,90.0,90.0,40.0,21.0,62.71428571,439,IDEPT3778,CE
SID20189632,Sem_1,50.0,72.0,81.0,75.0,48.0,47.0,66.0,62.71428571,439,IDEPT8379,CE
SID20178639,Sem_1,56.0,91.0,82.0,56.0,51.0,56.0,47.0,62.71428571,439,IDEPT8313,CE
SID20153201,Sem_1,70.0,96.0,58.0,71.0,45.0,42.0,57.0,62.71428571,439,IDEPT1378,CE
SID20143183,Sem_1,81.0,60.0,76.0,62.0,55.0,55.0,50.0,62.71428571,439,IDEPT2425,CE
SID20175687,Sem_1,61.0,48.0,51.0,43.0,77.0,76.0,82.0,62.57142857,438,IDEPT1825,CE
SID20176196,Sem_1,78.0,41.0,94.0,41.0,42.0,67.0,75.0,62.57142857,438,IDEPT1378,CE
SID20137365,Sem_1,46.0,63.0,74.0,42.0,61.0,81.0,71.0,62.57142857,438,IDEPT1825,CE
SID20171970,Sem_1,43.0,41.0,48.0,84.0,92.0,49.0,81.0,62.57142857,438,IDEPT3062,CE
SID20154656,Sem_1,83.0,48.0,42.0,51.0,57.0,58.0,99.0,62.57142857,438,IDEPT8379,CE
SID20177855,Sem_1,40.0,78.0,46.0,56.0,89.0,81.0,48.0,62.57142857,438,IDEPT8313,CE
SID20179369,Sem_1,61.0,55.0,85.0,43.0,,85.0,46.0,62.5,375,IDEPT3062,CE
SID20141598,Sem_1,66.0,76.0,67.0,61.0,45.0,72.0,50.0,62.42857143,437,IDEPT1378,CE
SID20182272,Sem_1,61.0,68.0,47.0,43.0,88.0,45.0,85.0,62.42857143,437,IDEPT7783,CE
SID20184100,Sem_1,95.0,86.0,64.0,50.0,43.0,52.0,47.0,62.42857143,437,IDEPT1142,CE
SID20156026,Sem_1,50.0,,65.0,66.0,40.0,58.0,95.0,62.33333333,374,IDEPT8379,CE
SID20165102,Sem_1,47.0,57.0,67.0,49.0,,98.0,56.0,62.33333333,374,IDEPT3062,CE
SID20144411,Sem_1,49.0,85.0,45.0,51.0,44.0,68.0,94.0,62.28571429,436,IDEPT5408,CE
SID20175607,Sem_1,46.0,62.0,93.0,64.0,48.0,58.0,65.0,62.28571429,436,IDEPT1378,CE
SID20155124,Sem_1,86.0,54.0,90.0,41.0,63.0,20.0,82.0,62.28571429,436,IDEPT5408,CE
SID20162653,Sem_1,40.0,74.0,91.0,50.0,48.0,69.0,64.0,62.28571429,436,IDEPT7783,CE
SID20167368,Sem_1,45.0,44.0,93.0,49.0,70.0,73.0,62.0,62.28571429,436,IDEPT2425,CE
SID20161453,Sem_1,84.0,46.0,40.0,91.0,45.0,52.0,78.0,62.28571429,436,IDEPT1825,CE
SID20154845,Sem_1,75.0,66.0,48.0,61.0,68.0,77.0,41.0,62.28571429,436,IDEPT1533,CE
SID20167893,Sem_1,44.0,49.0,50.0,86.0,70.0,47.0,90.0,62.28571429,436,IDEPT7005,CE
SID20185474,Sem_1,97.0,58.0,47.0,59.0,52.0,62.0,61.0,62.28571429,436,IDEPT1825,CE
SID20171488,Sem_1,82.0,41.0,66.0,99.0,48.0,47.0,53.0,62.28571429,436,IDEPT8379,CE
SID20161752,Sem_1,65.0,49.0,44.0,68.0,53.0,84.0,73.0,62.28571429,436,IDEPT3062,CE
SID20183986,Sem_1,88.0,87.0,68.0,25.0,49.0,73.0,45.0,62.14285714,435,IDEPT7005,CE
SID20183986,Sem_1,88.0,87.0,68.0,25.0,49.0,73.0,45.0,62.14285714,435,IDEPT7005,CE
SID20179941,Sem_1,68.0,45.0,62.0,70.0,75.0,74.0,41.0,62.14285714,435,IDEPT1378,CE
SID20186867,Sem_1,71.0,52.0,40.0,80.0,57.0,90.0,45.0,62.14285714,435,IDEPT5408,CE
SID20181603,Sem_1,77.0,52.0,63.0,52.0,56.0,53.0,82.0,62.14285714,435,IDEPT7783,CE
SID20151831,Sem_1,80.0,72.0,44.0,79.0,56.0,57.0,46.0,62.0,434,IDEPT8313,CE
SID20141979,Sem_1,95.0,45.0,81.0,50.0,59.0,44.0,60.0,62.0,434,IDEPT2425,CE
SID20138503,Sem_1,50.0,80.0,19.0,78.0,63.0,72.0,72.0,62.0,434,IDEPT8379,CE
SID20149293,Sem_1,47.0,73.0,67.0,78.0,53.0,69.0,46.0,61.85714286,433,IDEPT8379,CE
SID20152885,Sem_1,64.0,88.0,41.0,85.0,46.0,55.0,54.0,61.85714286,433,IDEPT1378,CE
SID20163930,Sem_1,77.0,43.0,41.0,45.0,71.0,59.0,97.0,61.85714286,433,IDEPT7783,CE
SID20148149,Sem_1,60.0,81.0,59.0,41.0,92.0,51.0,49.0,61.85714286,433,IDEPT8379,CE
SID20149293,Sem_1,47.0,73.0,67.0,78.0,53.0,69.0,46.0,61.85714286,433,IDEPT8379,CE
SID20149602,Sem_1,89.0,76.0,43.0,45.0,61.0,60.0,59.0,61.85714286,433,IDEPT1825,CE
SID20188660,Sem_1,47.0,45.0,59.0,99.0,75.0,80.0,27.0,61.71428571,432,IDEPT7783,CE
SID20186317,Sem_1,43.0,77.0,67.0,96.0,48.0,58.0,43.0,61.71428571,432,IDEPT1825,CE
SID20145831,Sem_1,61.0,47.0,97.0,58.0,70.0,53.0,46.0,61.71428571,432,IDEPT3062,CE
SID20165856,Sem_1,59.0,90.0,83.0,45.0,46.0,67.0,42.0,61.71428571,432,IDEPT7005,CE
SID20158587,Sem_1,50.0,70.0,68.0,81.0,55.0,42.0,66.0,61.71428571,432,IDEPT7783,CE
SID20167627,Sem_1,94.0,56.0,54.0,54.0,42.0,76.0,56.0,61.71428571,432,IDEPT7783,CE
SID20136475,Sem_1,52.0,42.0,91.0,96.0,51.0,52.0,47.0,61.57142857,431,IDEPT3778,CE
SID20171867,Sem_1,94.0,56.0,43.0,41.0,51.0,73.0,73.0,61.57142857,431,IDEPT2425,CE
SID20183377,Sem_1,42.0,85.0,87.0,41.0,48.0,59.0,68.0,61.42857143,430,IDEPT5408,CE
SID20175400,Sem_1,44.0,45.0,87.0,59.0,42.0,76.0,77.0,61.42857143,430,IDEPT8379,CE
SID20168119,Sem_1,59.0,87.0,44.0,58.0,63.0,43.0,76.0,61.42857143,430,IDEPT7783,CE
SID20153998,Sem_1,51.0,43.0,62.0,77.0,85.0,49.0,63.0,61.42857143,430,IDEPT1825,CE
SID20185072,Sem_1,,77.0,41.0,61.0,64.0,77.0,48.0,61.33333333,368,IDEPT1378,CE
SID20169801,Sem_1,52.0,41.0,65.0,60.0,47.0,72.0,92.0,61.28571429,429,IDEPT1533,CE
SID20144571,Sem_1,54.0,82.0,74.0,66.0,59.0,43.0,51.0,61.28571429,429,IDEPT1378,CE
SID20138039,Sem_1,48.0,46.0,53.0,66.0,63.0,88.0,65.0,61.28571429,429,IDEPT1825,CE
SID20176515,Sem_1,78.0,50.0,82.0,46.0,57.0,54.0,,61.16666667,367,IDEPT2425,CE
SID20143821,Sem_1,,48.0,73.0,55.0,74.0,62.0,55.0,61.16666667,367,IDEPT3062,CE
SID20155837,Sem_1,69.0,,51.0,92.0,48.0,48.0,59.0,61.16666667,367,IDEPT7783,CE
SID20162965,Sem_1,41.0,52.0,40.0,100.0,60.0,71.0,64.0,61.14285714,428,IDEPT8379,CE
SID20186881,Sem_1,64.0,85.0,44.0,51.0,78.0,66.0,40.0,61.14285714,428,IDEPT3778,CE
SID20167264,Sem_1,60.0,48.0,69.0,51.0,98.0,42.0,59.0,61.0,427,IDEPT5408,CE
SID20161841,Sem_1,49.0,46.0,74.0,71.0,58.0,53.0,76.0,61.0,427,IDEPT1378,CE
SID20169102,Sem_1,77.0,64.0,76.0,40.0,74.0,46.0,50.0,61.0,427,IDEPT7783,CE
SID20164605,Sem_1,41.0,53.0,49.0,90.0,68.0,,65.0,61.0,366,IDEPT8379,CE
SID20145713,Sem_1,63.0,41.0,58.0,57.0,64.0,76.0,67.0,60.85714286,426,IDEPT3778,CE
SID20157247,Sem_1,81.0,50.0,74.0,57.0,41.0,59.0,64.0,60.85714286,426,IDEPT1825,CE
SID20139656,Sem_1,60.0,63.0,61.0,51.0,46.0,92.0,53.0,60.85714286,426,IDEPT3062,CE
SID20176117,Sem_1,74.0,61.0,73.0,88.0,40.0,45.0,44.0,60.71428571,425,IDEPT5408,CE
SID20189105,Sem_1,60.0,47.0,50.0,77.0,65.0,84.0,42.0,60.71428571,425,IDEPT5408,CE
SID20187534,Sem_1,70.0,58.0,63.0,46.0,65.0,52.0,71.0,60.71428571,425,IDEPT7783,CE
SID20171640,Sem_1,21.0,62.0,81.0,62.0,53.0,71.0,74.0,60.57142857,424,IDEPT3062,CE
SID20179212,Sem_1,62.0,56.0,70.0,65.0,48.0,54.0,69.0,60.57142857,424,IDEPT1533,CE
SID20153917,Sem_1,99.0,54.0,52.0,53.0,56.0,49.0,,60.5,363,IDEPT2425,CE
SID20151515,Sem_1,58.0,85.0,,43.0,43.0,90.0,44.0,60.5,363,IDEPT3062,CE
SID20166092,Sem_1,76.0,65.0,84.0,58.0,44.0,47.0,49.0,60.42857143,423,IDEPT7005,CE
SID20134504,Sem_1,84.0,52.0,59.0,54.0,67.0,60.0,47.0,60.42857143,423,IDEPT1378,CE
SID20144353,Sem_1,68.0,88.0,67.0,53.0,64.0,61.0,22.0,60.42857143,423,IDEPT8313,CE
SID20149256,Sem_1,40.0,78.0,56.0,54.0,65.0,82.0,47.0,60.28571429,422,IDEPT2425,CE
SID20175994,Sem_1,67.0,41.0,93.0,67.0,50.0,56.0,48.0,60.28571429,422,IDEPT8379,CE
SID20145597,Sem_1,45.0,46.0,40.0,46.0,89.0,96.0,60.0,60.28571429,422,IDEPT3778,CE
SID20175994,Sem_1,67.0,41.0,93.0,67.0,50.0,56.0,48.0,60.28571429,422,IDEPT8379,CE
SID20135623,Sem_1,59.0,75.0,57.0,53.0,63.0,51.0,64.0,60.28571429,422,IDEPT7783,CE
SID20173285,Sem_1,80.0,88.0,47.0,46.0,46.0,,54.0,60.16666667,361,IDEPT1533,CE
SID20178022,Sem_1,41.0,76.0,41.0,66.0,53.0,73.0,71.0,60.14285714,421,IDEPT1378,CE
SID20153684,Sem_1,47.0,40.0,79.0,73.0,80.0,47.0,55.0,60.14285714,421,IDEPT1378,CE
SID20153684,Sem_1,47.0,40.0,79.0,73.0,80.0,47.0,55.0,60.14285714,421,IDEPT1378,CE
SID20181596,Sem_1,65.0,46.0,45.0,83.0,41.0,49.0,92.0,60.14285714,421,IDEPT1142,CE
SID20182443,Sem_1,40.0,95.0,55.0,44.0,76.0,64.0,47.0,60.14285714,421,IDEPT8313,CE
SID20154070,Sem_1,66.0,55.0,55.0,60.0,53.0,43.0,88.0,60.0,420,IDEPT5408,CE
SID20143497,Sem_1,41.0,78.0,56.0,60.0,64.0,64.0,57.0,60.0,420,IDEPT1142,CE
SID20158340,Sem_1,42.0,78.0,56.0,63.0,50.0,42.0,89.0,60.0,420,IDEPT1533,CE
SID20189921,Sem_1,68.0,69.0,54.0,60.0,52.0,62.0,55.0,60.0,420,IDEPT7005,CE
SID20138084,Sem_1,42.0,48.0,100.0,78.0,41.0,55.0,55.0,59.85714286,419,IDEPT3778,CE
SID20133311,Sem_1,65.0,81.0,40.0,63.0,51.0,40.0,79.0,59.85714286,419,IDEPT3778,CE
SID20147759,Sem_1,59.0,64.0,,53.0,64.0,48.0,71.0,59.83333333,359,IDEPT8313,CE
SID20153501,Sem_1,48.0,26.0,55.0,93.0,82.0,68.0,45.0,59.57142857,417,IDEPT1142,CE
SID20184583,Sem_1,65.0,78.0,91.0,59.0,45.0,23.0,56.0,59.57142857,417,IDEPT5408,CE
SID20156112,Sem_1,42.0,67.0,46.0,94.0,81.0,40.0,45.0,59.28571429,415,IDEPT7005,CE
SID20181661,Sem_1,72.0,58.0,95.0,55.0,48.0,46.0,41.0,59.28571429,415,IDEPT7783,CE
SID20143503,Sem_1,72.0,64.0,72.0,71.0,55.0,41.0,40.0,59.28571429,415,IDEPT8379,CE
SID20149853,Sem_1,72.0,52.0,44.0,64.0,68.0,68.0,47.0,59.28571429,415,IDEPT7005,CE
SID20169943,Sem_1,43.0,46.0,67.0,58.0,40.0,78.0,82.0,59.14285714,414,IDEPT7783,CE
SID20142883,Sem_1,41.0,71.0,68.0,98.0,55.0,20.0,60.0,59.0,413,IDEPT1142,CE
SID20145243,Sem_1,44.0,40.0,69.0,55.0,89.0,,57.0,59.0,354,IDEPT3062,CE
SID20142097,Sem_1,57.0,40.0,53.0,65.0,61.0,47.0,89.0,58.85714286,412,IDEPT1378,CE
SID20151243,Sem_1,43.0,61.0,54.0,82.0,49.0,83.0,40.0,58.85714286,412,IDEPT5408,CE
SID20178651,Sem_1,46.0,60.0,64.0,46.0,47.0,67.0,81.0,58.71428571,411,IDEPT8379,CE
SID20174997,Sem_1,71.0,65.0,56.0,64.0,20.0,67.0,67.0,58.57142857,410,IDEPT8313,CE
SID20167975,Sem_1,94.0,59.0,52.0,46.0,47.0,40.0,72.0,58.57142857,410,IDEPT3062,CE
SID20175952,Sem_1,69.0,52.0,47.0,79.0,52.0,52.0,57.0,58.28571429,408,IDEPT1825,CE
SID20134829,Sem_1,63.0,70.0,46.0,57.0,79.0,47.0,46.0,58.28571429,408,IDEPT8379,CE
SID20145582,Sem_1,46.0,79.0,80.0,56.0,41.0,42.0,64.0,58.28571429,408,IDEPT3062,CE
SID20158411,Sem_1,75.0,47.0,75.0,48.0,46.0,58.0,59.0,58.28571429,408,IDEPT7783,CE
SID20138845,Sem_1,50.0,48.0,41.0,69.0,63.0,68.0,69.0,58.28571429,408,IDEPT1142,CE
SID20183484,Sem_1,66.0,49.0,58.0,40.0,97.0,44.0,53.0,58.14285714,407,IDEPT2425,CE
SID20137811,Sem_1,63.0,46.0,40.0,68.0,96.0,25.0,69.0,58.14285714,407,IDEPT7783,CE
SID20148321,Sem_1,,88.0,50.0,49.0,66.0,42.0,53.0,58.0,348,IDEPT3062,CE
SID20158648,Sem_1,47.0,56.0,56.0,66.0,76.0,63.0,42.0,58.0,406,IDEPT7783,CE
SID20161920,Sem_1,42.0,53.0,71.0,83.0,76.0,41.0,40.0,58.0,406,IDEPT7005,CE
SID20151986,Sem_1,41.0,28.0,84.0,95.0,42.0,56.0,59.0,57.85714286,405,IDEPT2425,CE
SID20157445,Sem_1,56.0,92.0,45.0,56.0,60.0,42.0,54.0,57.85714286,405,IDEPT1142,CE
SID20159020,Sem_1,90.0,47.0,63.0,71.0,46.0,42.0,45.0,57.71428571,404,IDEPT2425,CE
SID20154116,Sem_1,48.0,78.0,80.0,58.0,41.0,41.0,57.0,57.57142857,403,IDEPT7005,CE
SID20161408,Sem_1,,66.0,78.0,23.0,56.0,64.0,58.0,57.5,345,IDEPT1533,CE
SID20161871,Sem_1,56.0,43.0,85.0,,43.0,77.0,41.0,57.5,345,IDEPT3062,CE
SID20131529,Sem_1,46.0,66.0,43.0,40.0,79.0,57.0,71.0,57.42857143,402,IDEPT1825,CE
SID20186668,Sem_1,68.0,48.0,72.0,42.0,43.0,51.0,77.0,57.28571429,401,IDEPT1142,CE
SID20186668,Sem_1,68.0,48.0,72.0,42.0,43.0,51.0,77.0,57.28571429,401,IDEPT1142,CE
SID20133455,Sem_1,47.0,42.0,49.0,57.0,83.0,64.0,58.0,57.14285714,400,IDEPT7005,CE
SID20151925,Sem_1,74.0,48.0,65.0,19.0,56.0,75.0,63.0,57.14285714,400,IDEPT1142,CE
SID20141974,Sem_1,40.0,94.0,20.0,61.0,66.0,67.0,51.0,57.0,399,IDEPT8313,CE
SID20189170,Sem_1,99.0,51.0,46.0,60.0,54.0,68.0,20.0,56.85714286,398,IDEPT3778,CE
SID20147936,Sem_1,25.0,54.0,70.0,91.0,60.0,53.0,45.0,56.85714286,398,IDEPT1533,CE
SID20147936,Sem_1,25.0,54.0,70.0,91.0,60.0,53.0,45.0,56.85714286,398,IDEPT1533,CE
SID20148076,Sem_1,48.0,64.0,70.0,49.0,43.0,76.0,47.0,56.71428571,397,IDEPT5408,CE
SID20135382,Sem_1,44.0,40.0,64.0,67.0,44.0,88.0,50.0,56.71428571,397,IDEPT3062,CE
SID20169104,Sem_1,43.0,59.0,46.0,45.0,98.0,60.0,45.0,56.57142857,396,IDEPT1142,CE
SID20155603,Sem_1,66.0,43.0,60.0,56.0,56.0,51.0,64.0,56.57142857,396,IDEPT1378,CE
SID20139592,Sem_1,67.0,40.0,70.0,49.0,47.0,70.0,53.0,56.57142857,396,IDEPT1825,CE
SID20155603,Sem_1,66.0,43.0,60.0,56.0,56.0,51.0,64.0,56.57142857,396,IDEPT1378,CE
SID20174162,Sem_1,26.0,40.0,66.0,100.0,42.0,77.0,44.0,56.42857143,395,IDEPT2425,CE
SID20154520,Sem_1,55.0,62.0,45.0,92.0,46.0,45.0,50.0,56.42857143,395,IDEPT5408,CE
SID20141510,Sem_1,86.0,42.0,44.0,73.0,59.0,25.0,65.0,56.28571429,394,IDEPT7005,CE
SID20187728,Sem_1,25.0,57.0,44.0,64.0,73.0,83.0,48.0,56.28571429,394,IDEPT7005,CE
SID20144963,Sem_1,67.0,55.0,71.0,51.0,50.0,59.0,40.0,56.14285714,393,IDEPT7005,CE
SID20137396,Sem_1,47.0,42.0,79.0,49.0,66.0,40.0,70.0,56.14285714,393,IDEPT5408,CE
SID20166956,Sem_1,51.0,52.0,61.0,45.0,65.0,71.0,47.0,56.0,392,IDEPT5408,CE
SID20175922,Sem_1,71.0,73.0,24.0,42.0,84.0,41.0,56.0,55.85714286,391,IDEPT8313,CE
SID20158945,Sem_1,90.0,50.0,26.0,50.0,49.0,,69.0,55.66666667,334,IDEPT7005,CE
SID20168066,Sem_1,53.0,27.0,70.0,75.0,56.0,46.0,61.0,55.42857143,388,IDEPT5408,CE
SID20188197,Sem_1,,47.0,75.0,43.0,54.0,47.0,66.0,55.33333333,332,IDEPT1825,CE
SID20152115,Sem_1,54.0,56.0,40.0,56.0,72.0,56.0,53.0,55.28571429,387,IDEPT3062,CE
SID20153894,Sem_1,50.0,47.0,62.0,45.0,72.0,,54.0,55.0,330,IDEPT1533,CE
SID20142349,Sem_1,59.0,42.0,45.0,52.0,63.0,51.0,71.0,54.71428571,383,IDEPT7005,CE
SID20173535,Sem_1,52.0,63.0,48.0,42.0,88.0,43.0,47.0,54.71428571,383,IDEPT1142,CE
SID20166754,Sem_1,42.0,,48.0,53.0,62.0,78.0,45.0,54.66666667,328,IDEPT5408,CE
SID20177678,Sem_1,76.0,54.0,45.0,49.0,66.0,42.0,50.0,54.57142857,382,IDEPT7005,CE
SID20152413,Sem_1,85.0,49.0,49.0,50.0,44.0,53.0,51.0,54.42857143,381,IDEPT7783,CE
SID20143128,Sem_1,80.0,46.0,79.0,68.0,23.0,55.0,29.0,54.28571429,380,IDEPT7783,CE
SID20153455,Sem_1,20.0,50.0,49.0,58.0,93.0,44.0,65.0,54.14285714,379,IDEPT1533,CE
SID20143064,Sem_1,47.0,55.0,59.0,68.0,56.0,75.0,19.0,54.14285714,379,IDEPT5408,CE
SID20174457,Sem_1,71.0,49.0,47.0,61.0,43.0,42.0,64.0,53.85714286,377,IDEPT7005,CE
SID20174457,Sem_1,71.0,49.0,47.0,61.0,43.0,42.0,64.0,53.85714286,377,IDEPT7005,CE
SID20131443,Sem_1,60.0,41.0,41.0,57.0,71.0,48.0,58.0,53.71428571,376,IDEPT3778,CE
SID20156927,Sem_1,48.0,59.0,60.0,40.0,67.0,56.0,46.0,53.71428571,376,IDEPT2425,CE
SID20137718,Sem_1,69.0,71.0,64.0,41.0,41.0,46.0,43.0,53.57142857,375,IDEPT8313,CE
SID20139023,Sem_1,69.0,47.0,100.0,62.0,45.0,22.0,28.0,53.28571429,373,IDEPT1142,CE
SID20186189,Sem_1,62.0,51.0,56.0,46.0,48.0,50.0,60.0,53.28571429,373,IDEPT8313,CE
SID20179074,Sem_1,20.0,57.0,62.0,49.0,47.0,86.0,51.0,53.14285714,372,IDEPT3062,CE
SID20138791,Sem_1,55.0,60.0,60.0,53.0,54.0,44.0,45.0,53.0,371,IDEPT1533,CE
SID20138791,Sem_1,55.0,60.0,60.0,53.0,54.0,44.0,45.0,53.0,371,IDEPT1533,CE
SID20148648,Sem_1,46.0,75.0,61.0,58.0,40.0,62.0,23.0,52.14285714,365,IDEPT5408,CE
SID20137097,Sem_1,42.0,62.0,51.0,40.0,51.0,65.0,52.0,51.85714286,363,IDEPT7783,CE
SID20145407,Sem_1,61.0,46.0,,68.0,,43.0,41.0,51.8,259,IDEPT7005,CE
SID20153938,Sem_1,72.0,40.0,40.0,41.0,48.0,53.0,67.0,51.57142857,361,IDEPT2425,CE
SID20139595,Sem_1,69.0,44.0,43.0,44.0,42.0,50.0,63.0,50.71428571,355,IDEPT1378,CE
SID20178016,Sem_1,62.0,22.0,55.0,71.0,49.0,,41.0,50.0,300,IDEPT3778,CE
SID20162908,Sem_1,51.0,41.0,21.0,58.0,53.0,83.0,28.0,47.85714286,335,IDEPT8313,CE
SID20167760,Sem_1,86.0,45.0,45.0,60.0,19.0,27.0,40.0,46.0,322,IDEPT7783,CE
